CustomerID,Recency,Frequency,Monetary,R_Score,F_Score,M_Score,RFM_Score
1000,36,5,13,4,3,3,433
1001,243,5,12,2,3,3,233
1002,123,4,8,3,2,2,322
1003,324,4,8,1,2,2,122
1004,29,8,21,4,4,4,444
1005,707,2,4,1,1,1,111
1006,200,4,15,2,2,4,224
1008,89,2,12,3,1,3,313
1009,87,4,9,3,2,2,322
1010,153,5,12,2,3,3,233
1011,22,3,13,4,2,3,423
1012,42,4,11,4,2,3,423
1013,90,8,19,3,4,4,344
1014,89,4,10,3,2,3,323
1015,241,3,7,2,2,2,222
1016,87,4,11,3,2,3,323
1017,92,5,11,3,3,3,333
1018,222,4,8,2,2,2,222
1019,386,1,2,1,1,1,111
1020,79,3,10,3,2,3,323
1021,54,3,8,4,2,2,422
1022,572,3,6,1,2,1,121
1023,186,6,17,2,4,4,244
1024,143,1,4,2,1,1,211
1025,134,3,6,3,2,1,321
1026,217,5,17,2,3,4,234
1027,228,4,9,2,2,2,222
1028,173,5,13,2,3,3,233
1029,292,1,2,1,1,1,111
1031,77,3,7,3,2,2,322
1032,130,5,16,3,3,4,334
1033,199,5,12,2,3,3,233
1034,597,3,9,1,2,2,122
1035,114,5,14,3,3,4,334
1036,710,1,2,1,1,1,111
1037,15,3,10,4,2,3,423
1038,17,6,19,4,4,4,444
1039,214,1,2,2,1,1,211
1040,35,4,11,4,2,3,423
1041,273,4,10,2,2,3,223
1042,76,3,6,3,2,1,321
1043,355,3,8,1,2,2,122
1044,67,2,4,3,1,1,311
1045,36,3,9,4,2,2,422
1046,190,2,4,2,1,1,211
1047,144,3,6,2,2,1,221
1048,74,2,6,3,1,1,311
1049,117,4,8,3,2,2,322
1050,241,6,14,2,4,4,244
1051,51,6,20,4,4,4,444
1052,65,10,27,3,4,4,344
1053,175,6,12,2,4,3,243
1054,71,4,9,3,2,2,322
1055,220,2,6,2,1,1,211
1056,52,3,6,4,2,1,421
1057,571,3,8,1,2,2,122
1058,51,4,8,4,2,2,422
1059,565,2,5,1,1,1,111
1061,117,5,14,3,3,4,334
1062,104,5,16,3,3,4,334
1063,342,2,4,1,1,1,111
1064,159,3,7,2,2,2,222
1065,48,6,14,4,4,4,444
1066,567,3,6,1,2,1,121
1067,164,3,8,2,2,2,222
1068,183,2,4,2,1,1,211
1069,133,4,10,3,2,3,323
1070,421,2,4,1,1,1,111
1071,461,1,3,1,1,1,111
1072,69,2,4,3,1,1,311
1073,28,4,12,4,2,3,423
1074,76,5,10,3,3,3,333
1075,42,4,11,4,2,3,423
1076,78,4,13,3,2,3,323
1077,110,6,14,3,4,4,344
1078,64,2,7,3,1,2,312
1079,113,2,6,3,1,1,311
1080,231,2,5,2,1,1,211
1081,242,5,16,2,3,4,234
1082,597,2,5,1,1,1,111
1083,328,3,7,1,2,2,122
1084,622,1,2,1,1,1,111
1085,138,3,7,3,2,2,322
1086,3,5,14,4,3,4,434
1087,139,9,21,3,4,4,344
1088,31,3,9,4,2,2,422
1089,391,1,2,1,1,1,111
1090,71,3,12,3,2,3,323
1092,83,5,20,3,3,4,334
1093,278,1,2,2,1,1,211
1094,114,8,20,3,4,4,344
1095,62,3,8,3,2,2,322
1096,156,1,2,2,1,1,211
1097,60,6,17,3,4,4,344
1098,49,7,24,4,4,4,444
1099,140,3,6,3,2,1,321
1100,294,3,10,1,2,3,123
1101,368,3,7,1,2,2,122
1102,187,4,10,2,2,3,223
1103,404,4,10,1,2,3,123
1104,65,4,10,3,2,3,323
1105,223,2,6,2,1,1,211
1107,91,8,20,3,4,4,344
1108,154,4,12,2,2,3,223
1109,269,5,12,2,3,3,233
1110,41,7,18,4,4,4,444
1111,41,4,11,4,2,3,423
1112,266,1,4,2,1,1,211
1113,148,4,11,2,2,3,223
1114,174,6,16,2,4,4,244
1115,343,4,8,1,2,2,122
1116,32,8,24,4,4,4,444
1117,221,1,3,2,1,1,211
1118,6,6,18,4,4,4,444
1119,330,1,2,1,1,1,111
1120,96,6,17,3,4,4,344
1121,656,1,2,1,1,1,111
1122,10,3,6,4,2,1,421
1123,49,4,11,4,2,3,423
1124,495,2,4,1,1,1,111
1125,42,5,11,4,3,3,433
1126,228,3,9,2,2,2,222
1127,77,4,12,3,2,3,323
1128,179,4,10,2,2,3,223
1129,375,5,13,1,3,3,133
1130,104,4,11,3,2,3,323
1132,100,3,10,3,2,3,323
1133,150,5,13,2,3,3,233
1134,392,3,7,1,2,2,122
1135,174,3,10,2,2,3,223
1136,58,9,19,4,4,4,444
1137,96,2,6,3,1,1,311
1138,120,3,6,3,2,1,321
1139,346,4,9,1,2,2,122
1140,188,2,8,2,1,2,212
1141,381,4,9,1,2,2,122
1142,201,4,8,2,2,2,222
1143,250,5,12,2,3,3,233
1144,77,7,16,3,4,4,344
1145,85,3,6,3,2,1,321
1146,110,7,20,3,4,4,344
1147,410,3,6,1,2,1,121
1148,95,6,19,3,4,4,344
1149,19,2,7,4,1,2,412
1150,27,4,10,4,2,3,423
1151,105,2,5,3,1,1,311
1152,165,4,8,2,2,2,222
1153,23,6,17,4,4,4,444
1154,228,3,9,2,2,2,222
1155,4,3,8,4,2,2,422
1156,109,1,2,3,1,1,311
1157,453,2,7,1,1,2,112
1158,75,4,11,3,2,3,323
1159,200,3,6,2,2,1,221
1160,41,6,15,4,4,4,444
1161,292,2,7,1,1,2,112
1162,147,5,12,2,3,3,233
1163,17,3,9,4,2,2,422
1164,276,2,5,2,1,1,211
1165,2,4,9,4,2,2,422
1166,576,2,4,1,1,1,111
1167,318,2,4,1,1,1,111
1168,300,3,9,1,2,2,122
1169,381,9,21,1,4,4,144
1170,30,7,20,4,4,4,444
1171,240,5,10,2,3,3,233
1173,70,4,9,3,2,2,322
1174,323,5,11,1,3,3,133
1175,184,5,19,2,3,4,234
1176,136,6,14,3,4,4,344
1177,78,1,4,3,1,1,311
1178,46,4,11,4,2,3,423
1179,476,2,5,1,1,1,111
1180,494,2,4,1,1,1,111
1181,45,3,8,4,2,2,422
1182,32,6,16,4,4,4,444
1183,185,3,16,2,2,4,224
1184,198,2,5,2,1,1,211
1185,129,4,10,3,2,3,323
1186,249,4,9,2,2,2,222
1187,19,3,7,4,2,2,422
1188,356,3,8,1,2,2,122
1189,545,2,4,1,1,1,111
1190,65,8,17,3,4,4,344
1191,145,2,6,2,1,1,211
1192,356,2,5,1,1,1,111
1193,49,2,4,4,1,1,411
1194,232,3,9,2,2,2,222
1195,57,3,6,4,2,1,421
1196,34,3,8,4,2,2,422
1197,39,6,18,4,4,4,444
1198,334,3,7,1,2,2,122
1199,21,4,13,4,2,3,423
1200,96,3,8,3,2,2,322
1201,402,2,4,1,1,1,111
1202,162,4,10,2,2,3,223
1204,161,7,16,2,4,4,244
1205,292,3,10,1,2,3,123
1206,230,3,14,2,2,4,224
1207,47,3,8,4,2,2,422
1208,15,5,11,4,3,3,433
1209,415,4,9,1,2,2,122
1211,221,6,16,2,4,4,244
1212,153,4,8,2,2,2,222
1213,108,3,13,3,2,3,323
1214,355,2,6,1,1,1,111
1215,347,3,9,1,2,2,122
1216,128,4,14,3,2,4,324
1217,316,3,8,1,2,2,122
1218,2,7,21,4,4,4,444
1219,455,2,4,1,1,1,111
1220,2,5,17,4,3,4,434
1221,411,1,2,1,1,1,111
1222,98,2,4,3,1,1,311
1223,31,4,10,4,2,3,423
1224,467,2,4,1,1,1,111
1225,225,7,21,2,4,4,244
1226,49,2,10,4,1,3,413
1227,602,1,2,1,1,1,111
1228,311,1,3,1,1,1,111
1229,286,3,8,1,2,2,122
1230,42,6,14,4,4,4,444
1231,65,7,16,3,4,4,344
1232,183,3,7,2,2,2,222
1233,140,6,19,3,4,4,344
1234,41,4,10,4,2,3,423
1235,216,8,19,2,4,4,244
1236,234,2,5,2,1,1,211
1237,266,7,20,2,4,4,244
1238,305,1,2,1,1,1,111
1239,122,7,16,3,4,4,344
1240,261,3,13,2,2,3,223
1241,223,4,11,2,2,3,223
1242,17,6,17,4,4,4,444
1243,722,1,2,1,1,1,111
1244,401,3,8,1,2,2,122
1245,27,7,20,4,4,4,444
1246,367,4,8,1,2,2,122
1247,453,2,4,1,1,1,111
1248,16,8,16,4,4,4,444
1249,446,2,5,1,1,1,111
1250,449,1,2,1,1,1,111
1251,35,1,3,4,1,1,411
1252,262,3,10,2,2,3,223
1253,194,2,6,2,1,1,211
1254,256,2,5,2,1,1,211
1255,461,1,2,1,1,1,111
1256,124,5,12,3,3,3,333
1257,471,2,4,1,1,1,111
1258,509,2,6,1,1,1,111
1259,34,6,14,4,4,4,444
1260,453,2,4,1,1,1,111
1261,224,2,8,2,1,2,212
1262,527,2,6,1,1,1,111
1263,438,2,4,1,1,1,111
1264,24,6,17,4,4,4,444
1265,89,7,25,3,4,4,344
1266,491,1,2,1,1,1,111
1267,595,1,2,1,1,1,111
1268,438,4,9,1,2,2,122
1269,92,5,14,3,3,4,334
1270,250,3,6,2,2,1,221
1272,522,1,2,1,1,1,111
1273,241,2,4,2,1,1,211
1274,539,3,7,1,2,2,122
1275,74,10,24,3,4,4,344
1276,38,5,13,4,3,3,433
1277,30,5,15,4,3,4,434
1278,22,4,15,4,2,4,424
1279,112,6,17,3,4,4,344
1280,141,4,8,3,2,2,322
1281,212,3,9,2,2,2,222
1282,43,5,10,4,3,3,433
1283,48,7,17,4,4,4,444
1284,486,2,4,1,1,1,111
1285,163,5,14,2,3,4,234
1286,141,7,16,3,4,4,344
1287,125,5,17,3,3,4,334
1288,459,2,7,1,1,2,112
1289,53,4,11,4,2,3,423
1290,100,3,13,3,2,3,323
1291,286,4,12,1,2,3,123
1292,68,2,4,3,1,1,311
1293,66,4,11,3,2,3,323
1294,374,5,12,1,3,3,133
1295,161,3,8,2,2,2,222
1296,38,6,17,4,4,4,444
1297,383,4,9,1,2,2,122
1298,157,3,7,2,2,2,222
1299,211,3,8,2,2,2,222
1300,483,1,2,1,1,1,111
1301,58,3,7,4,2,2,422
1302,93,4,10,3,2,3,323
1303,114,5,14,3,3,4,334
1304,136,3,7,3,2,2,322
1305,221,3,12,2,2,3,223
1306,41,3,9,4,2,2,422
1307,192,5,12,2,3,3,233
1308,292,4,8,1,2,2,122
1309,274,5,11,2,3,3,233
1310,404,2,4,1,1,1,111
1311,185,3,8,2,2,2,222
1312,227,6,14,2,4,4,244
1313,6,1,2,4,1,1,411
1314,482,1,2,1,1,1,111
1315,54,3,6,4,2,1,421
1316,280,3,6,2,2,1,221
1317,523,3,6,1,2,1,121
1318,96,2,5,3,1,1,311
1319,135,3,9,3,2,2,322
1320,346,4,10,1,2,3,123
1321,262,2,5,2,1,1,211
1322,73,4,15,3,2,4,324
1323,58,3,8,4,2,2,422
1324,4,5,14,4,3,4,434
1325,219,3,9,2,2,2,222
1326,52,3,11,4,2,3,423
1327,144,8,18,2,4,4,244
1328,282,3,10,1,2,3,123
1329,222,5,16,2,3,4,234
1330,59,4,11,3,2,3,323
1331,32,4,9,4,2,2,422
1332,29,5,15,4,3,4,434
1333,100,6,18,3,4,4,344
1334,207,2,5,2,1,1,211
1335,74,4,12,3,2,3,323
1336,271,3,9,2,2,2,222
1337,6,2,4,4,1,1,411
1338,507,2,5,1,1,1,111
1339,33,5,13,4,3,3,433
1340,43,6,14,4,4,4,444
1341,62,4,12,3,2,3,323
1342,315,5,13,1,3,3,133
1343,60,4,10,3,2,3,323
1344,118,2,6,3,1,1,311
1345,163,3,10,2,2,3,223
1346,237,3,7,2,2,2,222
1347,107,4,14,3,2,4,324
1348,105,2,6,3,1,1,311
1349,18,4,11,4,2,3,423
1350,484,2,6,1,1,1,111
1351,308,2,6,1,1,1,111
1352,668,1,2,1,1,1,111
1353,325,6,21,1,4,4,144
1354,30,5,13,4,3,3,433
1355,103,5,13,3,3,3,333
1356,114,4,10,3,2,3,323
1357,116,3,6,3,2,1,321
1358,2,4,12,4,2,3,423
1359,581,1,4,1,1,1,111
1360,15,5,16,4,3,4,434
1361,114,7,17,3,4,4,344
1362,86,2,5,3,1,1,311
1363,78,5,13,3,3,3,333
1364,153,4,8,2,2,2,222
1365,59,6,12,3,4,3,343
1366,32,6,25,4,4,4,444
1367,148,2,5,2,1,1,211
1368,169,1,2,2,1,1,211
1369,395,3,8,1,2,2,122
1370,179,3,13,2,2,3,223
1371,234,3,6,2,2,1,221
1372,189,3,10,2,2,3,223
1373,165,3,14,2,2,4,224
1374,148,4,11,2,2,3,223
1375,81,1,2,3,1,1,311
1376,184,3,7,2,2,2,222
1377,292,3,11,1,2,3,123
1378,80,2,4,3,1,1,311
1379,171,11,28,2,4,4,244
1380,40,5,11,4,3,3,433
1381,283,5,15,1,3,4,134
1382,93,3,6,3,2,1,321
1383,311,3,6,1,2,1,121
1384,12,7,15,4,4,4,444
1385,35,5,15,4,3,4,434
1386,153,3,6,2,2,1,221
1387,579,2,6,1,1,1,111
1388,272,3,7,2,2,2,222
1389,316,3,8,1,2,2,122
1390,304,3,12,1,2,3,123
1391,132,6,13,3,4,3,343
1392,255,3,6,2,2,1,221
1393,492,3,7,1,2,2,122
1394,221,2,4,2,1,1,211
1395,80,8,23,3,4,4,344
1396,162,2,8,2,1,2,212
1397,10,1,2,4,1,1,411
1398,260,2,8,2,1,2,212
1399,386,4,9,1,2,2,122
1400,446,1,2,1,1,1,111
1401,216,2,4,2,1,1,211
1402,443,1,4,1,1,1,111
1403,229,4,10,2,2,3,223
1404,242,5,18,2,3,4,234
1405,306,2,6,1,1,1,111
1406,3,2,12,4,1,3,413
1407,155,6,23,2,4,4,244
1408,161,3,7,2,2,2,222
1409,156,3,6,2,2,1,221
1410,53,10,27,4,4,4,444
1411,314,2,4,1,1,1,111
1412,45,4,12,4,2,3,423
1413,382,3,7,1,2,2,122
1414,221,1,2,2,1,1,211
1415,368,2,4,1,1,1,111
1416,131,6,14,3,4,4,344
1417,104,5,10,3,3,3,333
1418,394,3,7,1,2,2,122
1419,268,5,15,2,3,4,234
1420,23,4,11,4,2,3,423
1421,146,4,11,2,2,3,223
1422,88,7,19,3,4,4,344
1423,444,2,6,1,1,1,111
1424,83,3,6,3,2,1,321
1425,98,4,10,3,2,3,323
1426,176,5,10,2,3,3,233
1427,35,6,16,4,4,4,444
1428,347,5,13,1,3,3,133
1429,327,2,5,1,1,1,111
1430,14,6,16,4,4,4,444
1431,54,4,9,4,2,2,422
1432,149,4,11,2,2,3,223
1433,465,1,4,1,1,1,111
1434,398,3,8,1,2,2,122
1435,251,5,15,2,3,4,234
1436,305,1,2,1,1,1,111
1437,138,2,4,3,1,1,311
1438,33,6,17,4,4,4,444
1439,140,1,3,3,1,1,311
1440,25,6,12,4,4,3,443
1442,122,6,13,3,4,3,343
1443,83,4,11,3,2,3,323
1444,2,6,20,4,4,4,444
1445,608,3,6,1,2,1,121
1446,485,3,8,1,2,2,122
1447,574,1,3,1,1,1,111
1448,287,2,4,1,1,1,111
1449,89,4,9,3,2,2,322
1450,45,6,16,4,4,4,444
1451,338,2,6,1,1,1,111
1452,36,6,15,4,4,4,444
1453,405,2,4,1,1,1,111
1454,70,4,11,3,2,3,323
1455,288,1,2,1,1,1,111
1456,41,6,18,4,4,4,444
1457,356,6,12,1,4,3,143
1458,129,3,7,3,2,2,322
1459,166,1,4,2,1,1,211
1460,190,3,10,2,2,3,223
1461,10,3,8,4,2,2,422
1462,463,2,4,1,1,1,111
1463,7,3,6,4,2,1,421
1464,211,2,5,2,1,1,211
1465,52,7,17,4,4,4,444
1466,30,9,23,4,4,4,444
1467,133,2,5,3,1,1,311
1468,83,6,15,3,4,4,344
1469,490,1,2,1,1,1,111
1470,568,1,2,1,1,1,111
1471,497,2,4,1,1,1,111
1472,103,6,16,3,4,4,344
1473,90,4,10,3,2,3,323
1474,155,5,12,2,3,3,233
1475,14,4,10,4,2,3,423
1476,127,6,13,3,4,3,343
1477,41,6,17,4,4,4,444
1478,322,4,8,1,2,2,122
1479,230,4,14,2,2,4,224
1480,40,6,13,4,4,3,443
1481,210,2,4,2,1,1,211
1482,39,6,20,4,4,4,444
1483,187,8,20,2,4,4,244
1484,85,3,8,3,2,2,322
1485,172,2,4,2,1,1,211
1486,17,6,17,4,4,4,444
1487,424,2,7,1,1,2,112
1488,33,4,8,4,2,2,422
1489,191,5,13,2,3,3,233
1490,88,2,4,3,1,1,311
1491,1,5,11,4,3,3,433
1492,336,5,11,1,3,3,133
1493,91,6,15,3,4,4,344
1494,93,6,16,3,4,4,344
1495,356,3,9,1,2,2,122
1496,614,1,2,1,1,1,111
1497,82,4,9,3,2,2,322
1498,64,4,8,3,2,2,322
1499,52,5,10,4,3,3,433
1500,285,6,16,1,4,4,144
1501,136,4,10,3,2,3,323
1502,61,2,7,3,1,2,312
1503,136,3,9,3,2,2,322
1504,31,5,11,4,3,3,433
1505,65,2,8,3,1,2,312
1506,371,2,5,1,1,1,111
1507,192,5,16,2,3,4,234
1508,46,4,8,4,2,2,422
1509,1,6,18,4,4,4,444
1510,67,7,18,3,4,4,344
1511,284,2,4,1,1,1,111
1512,102,4,10,3,2,3,323
1513,49,3,10,4,2,3,423
1514,129,5,10,3,3,3,333
1515,33,6,13,4,4,3,443
1516,337,2,4,1,1,1,111
1517,152,4,10,2,2,3,223
1518,20,3,7,4,2,2,422
1519,429,1,2,1,1,1,111
1520,308,3,6,1,2,1,121
1521,370,2,6,1,1,1,111
1522,372,7,19,1,4,4,144
1523,278,3,10,2,2,3,223
1524,26,4,10,4,2,3,423
1525,432,2,5,1,1,1,111
1526,35,5,11,4,3,3,433
1527,1,5,14,4,3,4,434
1528,107,4,8,3,2,2,322
1529,197,3,7,2,2,2,222
1530,446,2,5,1,1,1,111
1531,346,2,4,1,1,1,111
1532,194,2,6,2,1,1,211
1533,54,3,6,4,2,1,421
1534,140,4,18,3,2,4,324
1535,181,4,8,2,2,2,222
1536,243,3,8,2,2,2,222
1537,333,2,5,1,1,1,111
1538,31,3,6,4,2,1,421
1539,95,2,5,3,1,1,311
1540,35,4,12,4,2,3,423
1542,146,6,13,2,4,3,243
1544,309,4,9,1,2,2,122
1545,75,3,7,3,2,2,322
1546,362,3,9,1,2,2,122
1547,257,3,7,2,2,2,222
1548,456,3,6,1,2,1,121
1549,288,3,9,1,2,2,122
1550,231,3,7,2,2,2,222
1551,142,6,13,3,4,3,343
1552,721,1,2,1,1,1,111
1553,163,6,14,2,4,4,244
1554,224,5,15,2,3,4,234
1555,279,1,2,2,1,1,211
1556,579,1,2,1,1,1,111
1557,149,2,4,2,1,1,211
1558,269,1,2,2,1,1,211
1559,89,2,7,3,1,2,312
1560,594,1,2,1,1,1,111
1561,159,7,20,2,4,4,244
1562,234,3,6,2,2,1,221
1563,613,2,5,1,1,1,111
1564,69,4,8,3,2,2,322
1565,17,6,19,4,4,4,444
1566,42,9,21,4,4,4,444
1567,264,4,17,2,2,4,224
1568,662,2,4,1,1,1,111
1569,590,3,8,1,2,2,122
1570,286,2,5,1,1,1,111
1571,221,2,8,2,1,2,212
1572,101,7,20,3,4,4,344
1573,344,3,6,1,2,1,121
1574,149,10,23,2,4,4,244
1575,361,5,10,1,3,3,133
1577,290,1,2,1,1,1,111
1578,191,4,8,2,2,2,222
1579,564,1,2,1,1,1,111
1580,26,7,16,4,4,4,444
1581,140,3,6,3,2,1,321
1582,147,3,6,2,2,1,221
1583,38,6,21,4,4,4,444
1584,174,5,16,2,3,4,234
1585,358,4,8,1,2,2,122
1586,608,2,6,1,1,1,111
1587,183,5,13,2,3,3,233
1588,79,3,8,3,2,2,322
1589,491,2,4,1,1,1,111
1590,138,3,6,3,2,1,321
1591,286,4,10,1,2,3,123
1592,398,1,2,1,1,1,111
1593,145,3,7,2,2,2,222
1594,342,3,6,1,2,1,121
1595,87,7,22,3,4,4,344
1596,170,4,10,2,2,3,223
1597,329,4,8,1,2,2,122
1598,304,3,7,1,2,2,122
1599,79,5,14,3,3,4,334
1601,22,3,6,4,2,1,421
1602,124,7,14,3,4,4,344
1603,92,5,15,3,3,4,334
1604,50,4,8,4,2,2,422
1605,178,5,11,2,3,3,233
1606,50,4,8,4,2,2,422
1607,445,2,6,1,1,1,111
1608,48,6,18,4,4,4,444
1609,14,6,15,4,4,4,444
1610,219,2,6,2,1,1,211
1611,271,3,10,2,2,3,223
1612,55,6,16,4,4,4,444
1613,128,7,15,3,4,4,344
1614,71,2,4,3,1,1,311
1615,28,4,12,4,2,3,423
1616,23,6,13,4,4,3,443
1617,276,4,9,2,2,2,222
1618,151,7,16,2,4,4,244
1619,63,4,11,3,2,3,323
1620,133,5,11,3,3,3,333
1621,314,5,14,1,3,4,134
1622,295,4,10,1,2,3,123
1623,59,5,12,3,3,3,333
1624,9,3,9,4,2,2,422
1625,34,7,18,4,4,4,444
1626,316,1,2,1,1,1,111
1627,264,3,9,2,2,2,222
1628,42,6,15,4,4,4,444
1629,206,3,6,2,2,1,221
1630,223,2,4,2,1,1,211
1631,139,2,5,3,1,1,311
1632,16,6,14,4,4,4,444
1633,144,2,6,2,1,1,211
1634,28,6,19,4,4,4,444
1635,36,3,6,4,2,1,421
1636,26,6,12,4,4,3,443
1638,294,2,8,1,1,2,112
1639,82,3,7,3,2,2,322
1640,663,2,4,1,1,1,111
1641,191,5,12,2,3,3,233
1642,459,1,2,1,1,1,111
1643,247,2,4,2,1,1,211
1644,536,2,5,1,1,1,111
1645,452,2,5,1,1,1,111
1646,125,7,17,3,4,4,344
1647,11,3,7,4,2,2,422
1648,244,4,10,2,2,3,223
1649,32,7,18,4,4,4,444
1650,552,2,6,1,1,1,111
1651,14,7,16,4,4,4,444
1652,289,5,12,1,3,3,133
1653,24,6,18,4,4,4,444
1654,52,9,23,4,4,4,444
1655,41,4,9,4,2,2,422
1656,62,4,12,3,2,3,323
1657,598,3,6,1,2,1,121
1658,119,5,12,3,3,3,333
1659,31,7,15,4,4,4,444
1660,158,3,7,2,2,2,222
1661,53,6,17,4,4,4,444
1662,202,2,5,2,1,1,211
1663,50,4,13,4,2,3,423
1664,274,3,10,2,2,3,223
1665,32,3,6,4,2,1,421
1666,260,2,4,2,1,1,211
1667,353,1,2,1,1,1,111
1668,132,4,11,3,2,3,323
1669,134,1,9,3,1,2,312
1670,39,3,9,4,2,2,422
1672,85,3,6,3,2,1,321
1673,632,1,2,1,1,1,111
1674,27,4,12,4,2,3,423
1676,81,4,10,3,2,3,323
1677,22,5,11,4,3,3,433
1678,47,4,8,4,2,2,422
1679,23,4,11,4,2,3,423
1680,386,3,6,1,2,1,121
1681,543,2,6,1,1,1,111
1682,60,7,20,3,4,4,344
1683,133,2,5,3,1,1,311
1684,362,3,8,1,2,2,122
1685,135,4,8,3,2,2,322
1686,595,3,7,1,2,2,122
1687,440,5,11,1,3,3,133
1688,51,1,2,4,1,1,411
1689,387,2,5,1,1,1,111
1690,132,6,16,3,4,4,344
1692,186,6,15,2,4,4,244
1693,4,4,12,4,2,3,423
1694,456,2,6,1,1,1,111
1695,330,1,2,1,1,1,111
1696,88,6,13,3,4,3,343
1697,44,6,15,4,4,4,444
1698,162,3,9,2,2,2,222
1699,97,4,10,3,2,3,323
1700,62,2,4,3,1,1,311
1701,228,1,2,2,1,1,211
1702,351,5,13,1,3,3,133
1703,313,3,14,1,2,4,124
1705,80,4,8,3,2,2,322
1706,139,4,14,3,2,4,324
1707,205,2,4,2,1,1,211
1708,3,4,16,4,2,4,424
1709,253,2,4,2,1,1,211
1710,26,3,6,4,2,1,421
1711,39,8,19,4,4,4,444
1712,488,2,5,1,1,1,111
1714,151,2,5,2,1,1,211
1715,180,6,17,2,4,4,244
1716,502,3,8,1,2,2,122
1717,52,3,8,4,2,2,422
1718,292,3,7,1,2,2,122
1719,105,5,13,3,3,3,333
1720,26,2,7,4,1,2,412
1721,77,2,6,3,1,1,311
1722,126,6,14,3,4,4,344
1723,23,4,10,4,2,3,423
1724,113,4,11,3,2,3,323
1725,430,3,6,1,2,1,121
1726,5,5,13,4,3,3,433
1727,166,2,6,2,1,1,211
1728,138,3,7,3,2,2,322
1729,16,6,15,4,4,4,444
1730,6,4,8,4,2,2,422
1731,41,6,12,4,4,3,443
1732,216,3,7,2,2,2,222
1733,191,4,17,2,2,4,224
1734,171,6,17,2,4,4,244
1735,512,2,5,1,1,1,111
1736,124,5,12,3,3,3,333
1737,117,6,21,3,4,4,344
1738,456,4,8,1,2,2,122
1739,214,2,4,2,1,1,211
1740,405,7,16,1,4,4,144
1741,11,6,13,4,4,3,443
1742,19,4,9,4,2,2,422
1743,48,4,14,4,2,4,424
1744,94,2,4,3,1,1,311
1745,649,1,2,1,1,1,111
1746,78,5,10,3,3,3,333
1747,379,5,11,1,3,3,133
1748,298,5,19,1,3,4,134
1749,361,3,8,1,2,2,122
1750,326,5,12,1,3,3,133
1751,281,4,10,2,2,3,223
1752,256,5,10,2,3,3,233
1753,132,7,17,3,4,4,344
1754,105,5,14,3,3,4,334
1755,575,2,4,1,1,1,111
1756,99,4,9,3,2,2,322
1757,8,4,15,4,2,4,424
1758,308,3,14,1,2,4,124
1759,96,3,12,3,2,3,323
1760,342,3,8,1,2,2,122
1761,90,7,18,3,4,4,344
1762,183,2,4,2,1,1,211
1763,4,3,7,4,2,2,422
1764,46,5,11,4,3,3,433
1765,295,3,8,1,2,2,122
1766,344,2,5,1,1,1,111
1767,68,6,12,3,4,3,343
1768,118,7,20,3,4,4,344
1769,1,2,5,4,1,1,411
1770,42,5,10,4,3,3,433
1771,283,3,6,1,2,1,121
1772,59,4,8,3,2,2,322
1773,60,4,9,3,2,2,322
1774,146,5,12,2,3,3,233
1775,81,1,2,3,1,1,311
1776,260,6,14,2,4,4,244
1777,28,7,20,4,4,4,444
1778,374,3,6,1,2,1,121
1779,64,3,9,3,2,2,322
1780,79,5,21,3,3,4,334
1781,208,3,6,2,2,1,221
1782,82,6,13,3,4,3,343
1783,177,6,18,2,4,4,244
1784,96,3,7,3,2,2,322
1785,10,7,20,4,4,4,444
1786,324,3,6,1,2,1,121
1787,61,3,13,3,2,3,323
1788,11,7,16,4,4,4,444
1789,70,5,10,3,3,3,333
1790,277,2,4,2,1,1,211
1791,455,3,8,1,2,2,122
1792,138,3,13,3,2,3,323
1793,27,10,25,4,4,4,444
1794,105,2,5,3,1,1,311
1795,272,2,4,2,1,1,211
1796,58,6,14,4,4,4,444
1797,412,5,11,1,3,3,133
1798,364,8,17,1,4,4,144
1799,95,4,9,3,2,2,322
1800,153,4,12,2,2,3,223
1801,202,5,11,2,3,3,233
1803,233,4,9,2,2,2,222
1804,31,3,9,4,2,2,422
1805,205,3,7,2,2,2,222
1806,178,2,11,2,1,3,213
1807,13,3,6,4,2,1,421
1808,163,4,10,2,2,3,223
1809,430,2,6,1,1,1,111
1810,444,4,12,1,2,3,123
1811,99,7,18,3,4,4,344
1812,78,1,4,3,1,1,311
1813,395,1,3,1,1,1,111
1814,41,6,12,4,4,3,443
1815,123,5,11,3,3,3,333
1816,497,4,10,1,2,3,123
1817,132,5,12,3,3,3,333
1818,112,4,10,3,2,3,323
1819,13,5,17,4,3,4,434
1820,268,5,10,2,3,3,233
1821,224,3,8,2,2,2,222
1822,303,4,13,1,2,3,123
1823,34,3,11,4,2,3,423
1824,60,4,9,3,2,2,322
1825,40,4,13,4,2,3,423
1826,377,1,2,1,1,1,111
1827,183,9,23,2,4,4,244
1828,282,3,9,1,2,2,122
1829,195,4,9,2,2,2,222
1830,349,2,4,1,1,1,111
1831,356,3,7,1,2,2,122
1832,44,6,16,4,4,4,444
1833,160,4,10,2,2,3,223
1834,39,3,7,4,2,2,422
1835,192,4,10,2,2,3,223
1836,114,3,6,3,2,1,321
1837,175,4,12,2,2,3,223
1838,281,4,10,2,2,3,223
1839,83,5,11,3,3,3,333
1840,368,2,5,1,1,1,111
1841,235,2,4,2,1,1,211
1842,311,3,6,1,2,1,121
1843,25,4,9,4,2,2,422
1844,48,6,15,4,4,4,444
1845,146,3,7,2,2,2,222
1846,32,5,12,4,3,3,433
1847,258,4,9,2,2,2,222
1848,178,4,8,2,2,2,222
1849,189,3,8,2,2,2,222
1850,295,4,8,1,2,2,122
1851,173,4,10,2,2,3,223
1852,479,4,10,1,2,3,123
1853,214,4,9,2,2,2,222
1854,158,3,6,2,2,1,221
1855,52,4,13,4,2,3,423
1856,66,4,8,3,2,2,322
1857,112,2,5,3,1,1,311
1858,250,2,5,2,1,1,211
1859,217,5,11,2,3,3,233
1860,523,2,4,1,1,1,111
1861,141,2,5,3,1,1,311
1862,117,5,15,3,3,4,334
1863,149,4,14,2,2,4,224
1864,95,4,8,3,2,2,322
1865,28,6,14,4,4,4,444
1866,53,7,18,4,4,4,444
1867,277,4,11,2,2,3,223
1868,425,3,7,1,2,2,122
1869,229,4,11,2,2,3,223
1870,113,8,25,3,4,4,344
1871,382,1,2,1,1,1,111
1872,129,3,10,3,2,3,323
1873,103,3,6,3,2,1,321
1874,155,4,9,2,2,2,222
1875,155,2,5,2,1,1,211
1876,198,1,2,2,1,1,211
1877,457,4,11,1,2,3,123
1878,34,9,21,4,4,4,444
1879,418,4,8,1,2,2,122
1880,107,2,4,3,1,1,311
1881,77,5,11,3,3,3,333
1882,97,3,6,3,2,1,321
1883,56,5,10,4,3,3,433
1884,20,2,12,4,1,3,413
1885,6,4,11,4,2,3,423
1886,29,2,4,4,1,1,411
1887,52,7,22,4,4,4,444
1888,208,6,14,2,4,4,244
1889,125,8,18,3,4,4,344
1890,218,4,8,2,2,2,222
1891,544,2,6,1,1,1,111
1892,41,6,15,4,4,4,444
1893,271,4,8,2,2,2,222
1894,89,4,14,3,2,4,324
1895,403,6,13,1,4,3,143
1896,380,4,12,1,2,3,123
1897,340,4,8,1,2,2,122
1898,415,1,2,1,1,1,111
1899,68,5,12,3,3,3,333
1900,98,4,10,3,2,3,323
1901,32,3,12,4,2,3,423
1902,30,3,7,4,2,2,422
1903,296,4,10,1,2,3,123
1904,257,3,6,2,2,1,221
1905,74,9,26,3,4,4,344
1907,165,2,5,2,1,1,211
1908,158,10,20,2,4,4,244
1909,122,2,7,3,1,2,312
1910,62,5,10,3,3,3,333
1911,212,2,7,2,1,2,212
1912,131,3,6,3,2,1,321
1913,135,5,16,3,3,4,334
1914,210,3,7,2,2,2,222
1915,146,2,4,2,1,1,211
1916,45,3,7,4,2,2,422
1917,155,5,11,2,3,3,233
1918,93,2,4,3,1,1,311
1919,135,2,4,3,1,1,311
1920,318,2,6,1,1,1,111
1921,50,7,14,4,4,4,444
1922,85,9,19,3,4,4,344
1923,25,6,12,4,4,3,443
1924,44,6,14,4,4,4,444
1925,576,1,2,1,1,1,111
1926,76,3,6,3,2,1,321
1927,230,2,6,2,1,1,211
1928,105,3,9,3,2,2,322
1929,174,7,21,2,4,4,244
1930,46,6,13,4,4,3,443
1931,83,6,16,3,4,4,344
1932,115,9,20,3,4,4,344
1933,436,1,2,1,1,1,111
1934,147,5,19,2,3,4,234
1935,490,4,11,1,2,3,123
1936,138,2,6,3,1,1,311
1937,75,5,13,3,3,3,333
1938,237,4,10,2,2,3,223
1939,62,5,14,3,3,4,334
1940,43,5,11,4,3,3,433
1941,106,2,5,3,1,1,311
1942,442,2,4,1,1,1,111
1943,92,5,20,3,3,4,334
1944,122,2,4,3,1,1,311
1945,245,5,14,2,3,4,234
1946,23,6,12,4,4,3,443
1947,533,3,9,1,2,2,122
1948,128,6,22,3,4,4,344
1949,162,6,15,2,4,4,244
1950,50,5,10,4,3,3,433
1951,70,3,6,3,2,1,321
1952,38,2,10,4,1,3,413
1953,297,1,4,1,1,1,111
1954,147,3,11,2,2,3,223
1955,321,4,8,1,2,2,122
1956,717,1,2,1,1,1,111
1957,334,2,4,1,1,1,111
1958,181,2,7,2,1,2,212
1959,18,7,19,4,4,4,444
1960,356,1,4,1,1,1,111
1961,16,6,12,4,4,3,443
1962,206,3,10,2,2,3,223
1963,1,1,2,4,1,1,411
1964,395,4,10,1,2,3,123
1965,149,2,4,2,1,1,211
1966,434,7,16,1,4,4,144
1967,65,6,15,3,4,4,344
1968,89,4,11,3,2,3,323
1969,161,5,14,2,3,4,234
1970,568,4,9,1,2,2,122
1971,104,3,8,3,2,2,322
1972,212,2,5,2,1,1,211
1973,68,1,2,3,1,1,311
1974,242,1,5,2,1,1,211
1975,96,2,4,3,1,1,311
1976,78,1,3,3,1,1,311
1977,353,1,3,1,1,1,111
1978,300,3,6,1,2,1,121
1979,40,8,17,4,4,4,444
1980,77,5,10,3,3,3,333
1981,61,2,4,3,1,1,311
1982,17,3,7,4,2,2,422
1983,144,7,16,2,4,4,244
1985,35,3,8,4,2,2,422
1987,77,3,9,3,2,2,322
1988,114,2,6,3,1,1,311
1989,113,1,2,3,1,1,311
1990,152,3,6,2,2,1,221
1991,22,9,23,4,4,4,444
1992,125,3,8,3,2,2,322
1993,176,3,9,2,2,2,222
1994,87,3,14,3,2,4,324
1995,202,5,17,2,3,4,234
1996,235,4,10,2,2,3,223
1997,3,6,21,4,4,4,444
1998,227,9,27,2,4,4,244
1999,129,4,16,3,2,4,324
2000,130,2,7,3,1,2,312
2001,113,7,20,3,4,4,344
2002,72,1,7,3,1,2,312
2003,38,2,6,4,1,1,411
2004,132,5,13,3,3,3,333
2005,100,4,13,3,2,3,323
2006,23,2,4,4,1,1,411
2007,38,2,6,4,1,1,411
2008,71,3,6,3,2,1,321
2009,81,3,6,3,2,1,321
2010,12,4,12,4,2,3,423
2011,8,8,18,4,4,4,444
2012,277,2,4,2,1,1,211
2013,123,3,7,3,2,2,322
2014,191,8,19,2,4,4,244
2015,233,2,4,2,1,1,211
2016,138,2,4,3,1,1,311
2017,69,7,16,3,4,4,344
2018,128,5,13,3,3,3,333
2019,47,7,18,4,4,4,444
2020,42,3,9,4,2,2,422
2021,353,1,2,1,1,1,111
2022,162,6,23,2,4,4,244
2023,122,3,7,3,2,2,322
2024,528,2,4,1,1,1,111
2025,413,3,8,1,2,2,122
2026,412,2,4,1,1,1,111
2027,448,2,5,1,1,1,111
2028,11,6,13,4,4,3,443
2029,176,5,11,2,3,3,233
2030,118,3,7,3,2,2,322
2031,308,4,14,1,2,4,124
2032,156,2,7,2,1,2,212
2033,320,4,11,1,2,3,123
2034,81,3,6,3,2,1,321
2035,8,3,11,4,2,3,423
2036,491,3,6,1,2,1,121
2037,256,3,8,2,2,2,222
2038,228,5,10,2,3,3,233
2039,100,2,4,3,1,1,311
2040,85,6,15,3,4,4,344
2041,98,7,15,3,4,4,344
2042,42,6,14,4,4,4,444
2043,254,5,16,2,3,4,234
2044,15,4,9,4,2,2,422
2045,24,7,15,4,4,4,444
2046,132,2,5,3,1,1,311
2047,11,5,12,4,3,3,433
2048,15,6,12,4,4,3,443
2049,85,4,9,3,2,2,322
2050,186,2,4,2,1,1,211
2051,47,8,33,4,4,4,444
2053,101,3,8,3,2,2,322
2054,16,3,12,4,2,3,423
2055,53,7,17,4,4,4,444
2056,37,6,18,4,4,4,444
2057,48,2,5,4,1,1,411
2058,210,4,12,2,2,3,223
2059,480,4,9,1,2,2,122
2060,158,2,5,2,1,1,211
2061,4,4,11,4,2,3,423
2062,100,3,8,3,2,2,322
2063,34,6,13,4,4,3,443
2064,132,3,8,3,2,2,322
2065,343,6,14,1,4,4,144
2066,224,4,12,2,2,3,223
2067,141,4,9,3,2,2,322
2068,207,5,12,2,3,3,233
2069,182,5,10,2,3,3,233
2070,12,9,24,4,4,4,444
2071,78,4,10,3,2,3,323
2072,33,5,13,4,3,3,433
2073,196,4,9,2,2,2,222
2074,11,4,11,4,2,3,423
2075,345,3,6,1,2,1,121
2076,27,4,8,4,2,2,422
2077,230,4,15,2,2,4,224
2078,76,2,6,3,1,1,311
2079,165,5,14,2,3,4,234
2080,254,2,5,2,1,1,211
2081,343,3,10,1,2,3,123
2082,38,4,10,4,2,3,423
2083,54,4,12,4,2,3,423
2084,138,2,4,3,1,1,311
2085,253,4,8,2,2,2,222
2086,212,6,20,2,4,4,244
2087,266,4,10,2,2,3,223
2088,325,2,5,1,1,1,111
2089,61,7,16,3,4,4,344
2091,73,4,11,3,2,3,323
2092,55,5,17,4,3,4,434
2093,202,6,16,2,4,4,244
2094,603,3,6,1,2,1,121
2095,93,2,6,3,1,1,311
2096,340,1,2,1,1,1,111
2097,91,3,11,3,2,3,323
2098,437,2,7,1,1,2,112
2100,79,6,15,3,4,4,344
2101,11,4,11,4,2,3,423
2102,235,5,12,2,3,3,233
2103,295,1,2,1,1,1,111
2104,72,4,9,3,2,2,322
2105,344,2,5,1,1,1,111
2106,37,5,12,4,3,3,433
2107,34,6,19,4,4,4,444
2108,91,3,7,3,2,2,322
2109,64,4,10,3,2,3,323
2110,155,3,8,2,2,2,222
2111,309,4,8,1,2,2,122
2112,573,2,4,1,1,1,111
2113,115,3,8,3,2,2,322
2114,55,3,6,4,2,1,421
2115,43,3,7,4,2,2,422
2116,124,2,4,3,1,1,311
2117,54,3,13,4,2,3,423
2118,166,2,5,2,1,1,211
2119,98,3,8,3,2,2,322
2120,85,7,14,3,4,4,344
2121,423,2,4,1,1,1,111
2122,268,4,10,2,2,3,223
2123,573,1,3,1,1,1,111
2125,189,2,6,2,1,1,211
2126,613,1,2,1,1,1,111
2127,42,5,12,4,3,3,433
2128,143,5,11,2,3,3,233
2129,142,6,16,3,4,4,344
2131,126,6,12,3,4,3,343
2132,377,5,11,1,3,3,133
2133,148,7,16,2,4,4,244
2134,96,3,7,3,2,2,322
2135,340,2,8,1,1,2,112
2136,324,1,2,1,1,1,111
2137,615,2,4,1,1,1,111
2138,302,7,18,1,4,4,144
2139,259,5,12,2,3,3,233
2140,1,3,6,4,2,1,421
2141,298,4,9,1,2,2,122
2142,189,5,19,2,3,4,234
2143,159,3,7,2,2,2,222
2144,360,5,10,1,3,3,133
2145,19,2,5,4,1,1,411
2146,194,3,6,2,2,1,221
2147,49,4,9,4,2,2,422
2148,165,5,10,2,3,3,233
2149,222,4,9,2,2,2,222
2151,93,5,11,3,3,3,333
2152,119,5,12,3,3,3,333
2153,382,2,4,1,1,1,111
2154,291,5,11,1,3,3,133
2155,415,4,8,1,2,2,122
2156,146,4,9,2,2,2,222
2157,63,4,11,3,2,3,323
2158,152,2,11,2,1,3,213
2159,167,3,8,2,2,2,222
2160,86,6,12,3,4,3,343
2161,463,2,4,1,1,1,111
2162,195,3,10,2,2,3,223
2164,37,9,25,4,4,4,444
2165,116,6,12,3,4,3,343
2166,21,6,15,4,4,4,444
2167,23,4,9,4,2,2,422
2168,36,3,7,4,2,2,422
2169,60,5,11,3,3,3,333
2170,196,3,10,2,2,3,223
2171,119,6,18,3,4,4,344
2172,304,2,5,1,1,1,111
2173,142,2,4,3,1,1,311
2174,469,3,7,1,2,2,122
2175,300,6,13,1,4,3,143
2176,145,5,13,2,3,3,233
2177,455,3,6,1,2,1,121
2178,11,5,11,4,3,3,433
2179,259,1,4,2,1,1,211
2180,378,2,5,1,1,1,111
2181,191,3,7,2,2,2,222
2183,367,3,7,1,2,2,122
2184,24,8,24,4,4,4,444
2185,81,4,11,3,2,3,323
2186,121,6,20,3,4,4,344
2187,137,3,6,3,2,1,321
2188,33,4,10,4,2,3,423
2190,81,2,6,3,1,1,311
2191,51,4,10,4,2,3,423
2192,324,2,5,1,1,1,111
2193,92,11,27,3,4,4,344
2194,209,5,15,2,3,4,234
2195,174,4,8,2,2,2,222
2196,83,5,14,3,3,4,334
2197,543,1,2,1,1,1,111
2198,508,1,2,1,1,1,111
2199,577,2,4,1,1,1,111
2200,82,3,10,3,2,3,323
2201,223,4,14,2,2,4,224
2202,94,6,13,3,4,3,343
2203,187,1,2,2,1,1,211
2204,95,5,12,3,3,3,333
2205,299,2,8,1,1,2,112
2206,75,3,7,3,2,2,322
2207,267,4,8,2,2,2,222
2208,154,1,8,2,1,2,212
2209,89,5,14,3,3,4,334
2210,97,5,19,3,3,4,334
2211,32,4,13,4,2,3,423
2212,64,5,12,3,3,3,333
2213,493,1,2,1,1,1,111
2214,346,1,4,1,1,1,111
2215,35,7,14,4,4,4,444
2216,44,1,2,4,1,1,411
2217,29,3,8,4,2,2,422
2218,182,6,13,2,4,3,243
2219,258,3,6,2,2,1,221
2220,149,2,6,2,1,1,211
2221,13,3,6,4,2,1,421
2222,3,7,19,4,4,4,444
2225,247,4,10,2,2,3,223
2226,297,6,13,1,4,3,143
2227,194,2,5,2,1,1,211
2228,215,2,4,2,1,1,211
2229,9,8,22,4,4,4,444
2230,217,4,18,2,2,4,224
2231,28,6,15,4,4,4,444
2232,239,5,14,2,3,4,234
2233,125,4,9,3,2,2,322
2234,7,6,21,4,4,4,444
2235,67,6,13,3,4,3,343
2236,331,4,14,1,2,4,124
2237,325,4,9,1,2,2,122
2238,25,4,13,4,2,3,423
2239,18,3,12,4,2,3,423
2240,30,5,12,4,3,3,433
2241,74,4,9,3,2,2,322
2242,209,4,12,2,2,3,223
2243,107,4,10,3,2,3,323
2244,277,6,15,2,4,4,244
2245,230,4,8,2,2,2,222
2246,124,2,5,3,1,1,311
2247,214,3,11,2,2,3,223
2248,289,1,2,1,1,1,111
2249,216,2,4,2,1,1,211
2250,77,2,8,3,1,2,312
2251,191,5,16,2,3,4,234
2252,84,6,21,3,4,4,344
2253,163,3,6,2,2,1,221
2254,341,5,12,1,3,3,133
2255,13,5,12,4,3,3,433
2256,132,4,9,3,2,2,322
2257,230,4,8,2,2,2,222
2258,438,3,7,1,2,2,122
2259,563,3,7,1,2,2,122
2260,62,3,8,3,2,2,322
2261,185,6,13,2,4,3,243
2262,57,4,10,4,2,3,423
2263,182,1,2,2,1,1,211
2264,353,3,8,1,2,2,122
2265,97,3,14,3,2,4,324
2266,92,2,9,3,1,2,312
2267,50,6,15,4,4,4,444
2269,102,3,6,3,2,1,321
2270,92,6,22,3,4,4,344
2271,41,11,31,4,4,4,444
2272,117,6,13,3,4,3,343
2273,34,7,14,4,4,4,444
2274,360,5,11,1,3,3,133
2275,151,2,4,2,1,1,211
2276,354,3,7,1,2,2,122
2277,347,3,7,1,2,2,122
2278,143,3,6,2,2,1,221
2279,401,3,8,1,2,2,122
2280,354,2,4,1,1,1,111
2281,65,1,2,3,1,1,311
2282,234,1,3,2,1,1,211
2283,347,2,7,1,1,2,112
2284,288,4,13,1,2,3,123
2285,15,2,4,4,1,1,411
2286,27,3,6,4,2,1,421
2287,15,4,8,4,2,2,422
2288,214,4,12,2,2,3,223
2289,57,7,16,4,4,4,444
2290,112,4,11,3,2,3,323
2291,102,5,12,3,3,3,333
2292,281,1,2,2,1,1,211
2293,12,8,19,4,4,4,444
2294,99,9,23,3,4,4,344
2295,3,4,10,4,2,3,423
2296,567,1,2,1,1,1,111
2297,305,1,2,1,1,1,111
2298,86,8,20,3,4,4,344
2299,51,3,8,4,2,2,422
2300,103,4,10,3,2,3,323
2301,7,4,9,4,2,2,422
2302,701,1,2,1,1,1,111
2303,519,3,6,1,2,1,121
2304,183,1,2,2,1,1,211
2305,94,3,7,3,2,2,322
2306,83,5,13,3,3,3,333
2307,185,4,11,2,2,3,223
2308,477,2,6,1,1,1,111
2309,2,4,12,4,2,3,423
2310,282,4,16,1,2,4,124
2311,60,6,18,3,4,4,344
2312,230,4,9,2,2,2,222
2313,316,2,5,1,1,1,111
2314,36,5,10,4,3,3,433
2315,11,7,14,4,4,4,444
2316,206,3,6,2,2,1,221
2318,349,2,6,1,1,1,111
2319,235,2,7,2,1,2,212
2320,388,5,10,1,3,3,133
2321,198,4,13,2,2,3,223
2322,684,2,4,1,1,1,111
2323,369,2,6,1,1,1,111
2324,135,3,6,3,2,1,321
2325,259,6,15,2,4,4,244
2326,32,3,9,4,2,2,422
2327,23,4,10,4,2,3,423
2328,312,2,7,1,1,2,112
2329,169,2,4,2,1,1,211
2330,421,2,4,1,1,1,111
2331,33,6,13,4,4,3,443
2332,16,6,13,4,4,3,443
2334,669,2,5,1,1,1,111
2335,161,2,5,2,1,1,211
2336,85,4,11,3,2,3,323
2337,138,6,13,3,4,3,343
2338,23,3,11,4,2,3,423
2339,590,4,10,1,2,3,123
2340,33,7,18,4,4,4,444
2341,374,5,10,1,3,3,133
2342,377,2,4,1,1,1,111
2343,215,4,9,2,2,2,222
2344,14,6,25,4,4,4,444
2345,14,4,10,4,2,3,423
2346,105,5,15,3,3,4,334
2347,338,2,4,1,1,1,111
2348,20,6,18,4,4,4,444
2349,167,7,16,2,4,4,244
2350,580,2,4,1,1,1,111
2351,359,3,6,1,2,1,121
2352,240,3,6,2,2,1,221
2353,243,4,9,2,2,2,222
2354,498,2,6,1,1,1,111
2355,160,5,12,2,3,3,233
2356,122,5,14,3,3,4,334
2357,99,7,20,3,4,4,344
2358,16,3,9,4,2,2,422
2359,125,5,13,3,3,3,333
2360,316,3,6,1,2,1,121
2361,89,4,10,3,2,3,323
2362,38,5,14,4,3,4,434
2363,67,4,11,3,2,3,323
2364,114,4,15,3,2,4,324
2365,193,5,17,2,3,4,234
2366,135,4,13,3,2,3,323
2368,50,1,8,4,1,2,412
2369,75,4,8,3,2,2,322
2370,110,7,19,3,4,4,344
2371,123,3,6,3,2,1,321
2372,119,2,6,3,1,1,311
2373,496,1,2,1,1,1,111
2374,191,5,14,2,3,4,234
2375,22,5,11,4,3,3,433
2376,217,3,8,2,2,2,222
2377,259,2,5,2,1,1,211
2378,260,1,4,2,1,1,211
2379,103,3,6,3,2,1,321
2380,83,6,16,3,4,4,344
2381,228,7,19,2,4,4,244
2383,87,5,12,3,3,3,333
2384,363,2,6,1,1,1,111
2386,26,4,12,4,2,3,423
2387,660,1,2,1,1,1,111
2388,407,4,8,1,2,2,122
2389,48,6,16,4,4,4,444
2390,132,5,14,3,3,4,334
2391,26,6,15,4,4,4,444
2392,16,2,7,4,1,2,412
2393,258,3,14,2,2,4,224
2394,39,10,29,4,4,4,444
2395,409,2,5,1,1,1,111
2396,497,5,11,1,3,3,133
2397,88,2,6,3,1,1,311
2398,357,3,7,1,2,2,122
2399,322,5,11,1,3,3,133
2400,284,4,12,1,2,3,123
2401,12,5,10,4,3,3,433
2402,116,3,10,3,2,3,323
2403,30,4,13,4,2,3,423
2404,77,5,11,3,3,3,333
2406,24,7,17,4,4,4,444
2407,296,3,10,1,2,3,123
2408,113,7,21,3,4,4,344
2410,40,3,11,4,2,3,423
2411,619,3,6,1,2,1,121
2412,293,2,7,1,1,2,112
2413,18,6,14,4,4,4,444
2414,575,1,2,1,1,1,111
2415,145,4,14,2,2,4,224
2416,56,3,9,4,2,2,422
2417,423,1,2,1,1,1,111
2419,131,3,9,3,2,2,322
2420,95,3,10,3,2,3,323
2421,39,7,21,4,4,4,444
2422,50,2,11,4,1,3,413
2423,518,2,4,1,1,1,111
2424,459,3,6,1,2,1,121
2425,314,2,4,1,1,1,111
2426,114,7,17,3,4,4,344
2427,188,3,9,2,2,2,222
2428,132,6,17,3,4,4,344
2429,185,1,4,2,1,1,211
2430,345,3,12,1,2,3,123
2431,65,5,13,3,3,3,333
2432,19,7,14,4,4,4,444
2433,4,7,31,4,4,4,444
2434,104,3,7,3,2,2,322
2435,93,5,12,3,3,3,333
2436,37,4,11,4,2,3,423
2437,46,5,15,4,3,4,434
2438,314,2,4,1,1,1,111
2439,61,4,10,3,2,3,323
2440,195,9,25,2,4,4,244
2441,181,6,15,2,4,4,244
2442,675,1,2,1,1,1,111
2443,46,7,21,4,4,4,444
2444,197,3,8,2,2,2,222
2445,428,4,8,1,2,2,122
2446,114,4,9,3,2,2,322
2447,3,7,21,4,4,4,444
2448,2,6,17,4,4,4,444
2449,176,4,8,2,2,2,222
2450,153,3,6,2,2,1,221
2451,459,3,7,1,2,2,122
2452,142,3,11,3,2,3,323
2453,10,6,15,4,4,4,444
2454,51,7,20,4,4,4,444
2455,361,2,4,1,1,1,111
2456,656,1,2,1,1,1,111
2457,383,3,6,1,2,1,121
2458,130,2,6,3,1,1,311
2459,100,3,13,3,2,3,323
2460,13,4,9,4,2,2,422
2461,88,2,5,3,1,1,311
2462,281,2,5,2,1,1,211
2463,5,3,6,4,2,1,421
2464,165,4,8,2,2,2,222
2465,4,2,11,4,1,3,413
2466,82,4,9,3,2,2,322
2467,85,6,12,3,4,3,343
2468,293,2,8,1,1,2,112
2469,99,4,13,3,2,3,323
2470,231,4,11,2,2,3,223
2471,140,3,9,3,2,2,322
2472,348,4,8,1,2,2,122
2473,183,2,6,2,1,1,211
2474,325,1,2,1,1,1,111
2475,51,6,14,4,4,4,444
2476,27,5,10,4,3,3,433
2477,210,3,7,2,2,2,222
2478,485,2,5,1,1,1,111
2479,352,5,10,1,3,3,133
2480,102,5,13,3,3,3,333
2481,37,2,6,4,1,1,411
2482,709,1,3,1,1,1,111
2483,64,4,8,3,2,2,322
2484,141,5,14,3,3,4,334
2485,227,3,7,2,2,2,222
2486,36,2,5,4,1,1,411
2487,175,2,4,2,1,1,211
2488,134,2,7,3,1,2,312
2489,9,4,10,4,2,3,423
2490,13,3,6,4,2,1,421
2492,51,7,21,4,4,4,444
2493,146,2,5,2,1,1,211
2494,119,4,17,3,2,4,324
2495,156,4,11,2,2,3,223
2496,29,4,8,4,2,2,422
2497,512,1,2,1,1,1,111
2499,39,5,15,4,3,4,434
2500,25,3,9,4,2,2,422
2501,113,2,4,3,1,1,311
2502,260,3,14,2,2,4,224
2503,326,1,2,1,1,1,111
2504,139,5,11,3,3,3,333
2505,31,4,11,4,2,3,423
2506,4,4,8,4,2,2,422
2507,1,4,13,4,2,3,423
2508,4,4,9,4,2,2,422
2509,169,4,8,2,2,2,222
2510,93,4,14,3,2,4,324
2511,170,8,21,2,4,4,244
2512,120,6,26,3,4,4,344
2513,16,4,12,4,2,3,423
2514,59,3,11,3,2,3,323
2515,162,5,12,2,3,3,233
2516,153,2,8,2,1,2,212
2517,19,9,27,4,4,4,444
2518,181,4,12,2,2,3,223
2519,211,6,14,2,4,4,244
2520,25,3,6,4,2,1,421
2521,17,3,10,4,2,3,423
2522,510,3,8,1,2,2,122
2523,180,5,15,2,3,4,234
2524,26,10,28,4,4,4,444
2525,45,5,11,4,3,3,433
2526,76,2,4,3,1,1,311
2527,142,2,5,3,1,1,311
2528,73,3,7,3,2,2,322
2530,123,4,11,3,2,3,323
2531,494,2,4,1,1,1,111
2532,178,3,12,2,2,3,223
2533,373,3,7,1,2,2,122
2534,53,6,14,4,4,4,444
2535,51,5,13,4,3,3,433
2536,54,3,7,4,2,2,422
2537,78,3,8,3,2,2,322
2538,157,3,7,2,2,2,222
2539,46,2,4,4,1,1,411
2540,301,6,17,1,4,4,144
2541,475,3,6,1,2,1,121
2542,37,3,8,4,2,2,422
2543,140,4,10,3,2,3,323
2544,336,4,9,1,2,2,122
2545,43,6,12,4,4,3,443
2546,238,2,5,2,1,1,211
2547,37,5,12,4,3,3,433
2548,6,4,10,4,2,3,423
2549,129,7,16,3,4,4,344
2550,8,7,16,4,4,4,444
2551,71,3,6,3,2,1,321
2552,360,5,13,1,3,3,133
2553,164,6,14,2,4,4,244
2555,8,7,16,4,4,4,444
2556,125,4,10,3,2,3,323
2557,69,3,6,3,2,1,321
2558,141,1,2,3,1,1,311
2559,430,3,6,1,2,1,121
2560,35,6,24,4,4,4,444
2561,134,4,9,3,2,2,322
2562,412,4,10,1,2,3,123
2563,2,4,14,4,2,4,424
2564,170,4,10,2,2,3,223
2565,94,4,12,3,2,3,323
2566,334,1,3,1,1,1,111
2567,527,1,2,1,1,1,111
2568,83,7,19,3,4,4,344
2569,168,3,7,2,2,2,222
2570,129,5,11,3,3,3,333
2571,167,3,8,2,2,2,222
2572,218,1,2,2,1,1,211
2573,362,5,16,1,3,4,134
2574,20,4,11,4,2,3,423
2575,293,2,4,1,1,1,111
2576,371,2,4,1,1,1,111
2577,67,4,8,3,2,2,322
2578,30,7,18,4,4,4,444
2579,267,3,6,2,2,1,221
2580,44,5,12,4,3,3,433
2581,17,5,12,4,3,3,433
2582,47,2,12,4,1,3,413
2583,280,2,5,2,1,1,211
2584,250,8,20,2,4,4,244
2585,292,4,10,1,2,3,123
2586,66,2,5,3,1,1,311
2587,212,5,13,2,3,3,233
2588,3,2,5,4,1,1,411
2589,246,7,19,2,4,4,244
2590,15,5,10,4,3,3,433
2591,386,2,4,1,1,1,111
2592,91,6,16,3,4,4,344
2593,444,3,6,1,2,1,121
2594,224,4,8,2,2,2,222
2595,342,5,17,1,3,4,134
2597,138,7,15,3,4,4,344
2598,50,1,3,4,1,1,411
2599,39,4,15,4,2,4,424
2600,15,7,19,4,4,4,444
2601,70,6,19,3,4,4,344
2602,20,6,17,4,4,4,444
2603,551,1,4,1,1,1,111
2604,102,5,14,3,3,4,334
2605,488,2,6,1,1,1,111
2606,339,3,8,1,2,2,122
2607,406,2,4,1,1,1,111
2608,103,4,8,3,2,2,322
2609,127,2,5,3,1,1,311
2610,71,3,7,3,2,2,322
2611,367,3,7,1,2,2,122
2612,214,7,18,2,4,4,244
2613,130,6,17,3,4,4,344
2614,189,1,2,2,1,1,211
2615,581,2,4,1,1,1,111
2616,229,4,8,2,2,2,222
2617,223,7,16,2,4,4,244
2618,28,5,16,4,3,4,434
2619,372,3,7,1,2,2,122
2620,17,4,8,4,2,2,422
2621,460,2,4,1,1,1,111
2622,91,3,12,3,2,3,323
2623,82,3,9,3,2,2,322
2624,135,2,4,3,1,1,311
2625,43,10,31,4,4,4,444
2626,509,2,7,1,1,2,112
2627,61,3,8,3,2,2,322
2628,394,1,2,1,1,1,111
2629,25,5,19,4,3,4,434
2630,319,3,7,1,2,2,122
2631,95,3,7,3,2,2,322
2632,99,9,24,3,4,4,344
2633,34,6,16,4,4,4,444
2634,253,1,5,2,1,1,211
2635,105,2,6,3,1,1,311
2636,111,2,10,3,1,3,313
2637,469,2,4,1,1,1,111
2638,447,2,5,1,1,1,111
2639,49,3,8,4,2,2,422
2640,253,1,2,2,1,1,211
2641,305,5,12,1,3,3,133
2642,274,3,7,2,2,2,222
2643,30,5,12,4,3,3,433
2644,589,3,7,1,2,2,122
2645,187,8,19,2,4,4,244
2646,50,3,7,4,2,2,422
2648,53,5,13,4,3,3,433
2649,33,4,9,4,2,2,422
2650,39,4,16,4,2,4,424
2651,476,2,4,1,1,1,111
2652,5,3,13,4,2,3,423
2653,24,5,12,4,3,3,433
2654,36,6,19,4,4,4,444
2655,183,2,5,2,1,1,211
2656,15,5,10,4,3,3,433
2657,224,2,6,2,1,1,211
2658,76,2,7,3,1,2,312
2659,23,5,16,4,3,4,434
2660,476,2,4,1,1,1,111
2661,244,4,8,2,2,2,222
2662,391,3,6,1,2,1,121
2663,71,9,27,3,4,4,344
2664,102,3,8,3,2,2,322
2665,262,2,4,2,1,1,211
2666,17,7,16,4,4,4,444
2667,198,2,5,2,1,1,211
2668,395,1,2,1,1,1,111
2669,98,4,11,3,2,3,323
2670,246,2,6,2,1,1,211
2671,157,4,8,2,2,2,222
2672,35,5,12,4,3,3,433
2673,21,4,8,4,2,2,422
2674,484,3,6,1,2,1,121
2675,107,3,7,3,2,2,322
2676,54,5,14,4,3,4,434
2677,8,2,6,4,1,1,411
2678,33,4,11,4,2,3,423
2679,380,3,6,1,2,1,121
2680,142,4,8,3,2,2,322
2681,243,3,6,2,2,1,221
2682,30,5,11,4,3,3,433
2683,142,3,8,3,2,2,322
2684,354,1,3,1,1,1,111
2685,85,5,12,3,3,3,333
2686,376,2,4,1,1,1,111
2687,108,4,16,3,2,4,324
2688,39,5,13,4,3,3,433
2689,245,4,15,2,2,4,224
2690,57,7,17,4,4,4,444
2691,57,5,10,4,3,3,433
2692,83,3,10,3,2,3,323
2693,59,4,11,3,2,3,323
2694,37,6,19,4,4,4,444
2695,180,3,8,2,2,2,222
2696,120,5,11,3,3,3,333
2697,542,2,4,1,1,1,111
2698,341,3,8,1,2,2,122
2699,33,5,10,4,3,3,433
2700,46,4,9,4,2,2,422
2701,502,5,11,1,3,3,133
2702,218,4,9,2,2,2,222
2703,101,4,9,3,2,2,322
2704,43,2,6,4,1,1,411
2705,45,3,6,4,2,1,421
2706,89,8,23,3,4,4,344
2707,74,7,17,3,4,4,344
2708,317,2,6,1,1,1,111
2709,133,4,11,3,2,3,323
2710,78,2,4,3,1,1,311
2711,109,3,14,3,2,4,324
2712,96,5,13,3,3,3,333
2713,135,5,10,3,3,3,333
2714,291,1,2,1,1,1,111
2715,178,6,15,2,4,4,244
2716,99,7,16,3,4,4,344
2717,728,1,2,1,1,1,111
2718,202,8,20,2,4,4,244
2719,215,5,14,2,3,4,234
2720,553,1,2,1,1,1,111
2721,143,2,6,2,1,1,211
2722,413,2,4,1,1,1,111
2723,58,4,10,4,2,3,423
2724,245,2,6,2,1,1,211
2725,703,2,4,1,1,1,111
2726,396,4,8,1,2,2,122
2727,16,5,10,4,3,3,433
2728,33,2,5,4,1,1,411
2729,98,7,18,3,4,4,344
2730,51,4,11,4,2,3,423
2731,264,2,4,2,1,1,211
2732,273,4,10,2,2,3,223
2733,162,3,6,2,2,1,221
2734,276,1,3,2,1,1,211
2735,213,1,2,2,1,1,211
2736,5,7,23,4,4,4,444
2737,370,2,6,1,1,1,111
2738,52,7,21,4,4,4,444
2739,103,2,4,3,1,1,311
2740,182,2,4,2,1,1,211
2741,94,4,12,3,2,3,323
2742,82,3,9,3,2,2,322
2743,143,7,17,2,4,4,244
2744,226,3,8,2,2,2,222
2745,246,6,15,2,4,4,244
2746,216,7,15,2,4,4,244
2747,123,6,12,3,4,3,343
2748,638,1,2,1,1,1,111
2749,192,3,7,2,2,2,222
2750,108,3,8,3,2,2,322
2751,331,5,12,1,3,3,133
2752,82,1,2,3,1,1,311
2753,114,3,8,3,2,2,322
2754,243,3,10,2,2,3,223
2755,228,6,15,2,4,4,244
2756,38,4,10,4,2,3,423
2757,15,3,10,4,2,3,423
2758,42,9,20,4,4,4,444
2759,157,1,2,2,1,1,211
2760,145,9,23,2,4,4,244
2761,250,6,15,2,4,4,244
2762,13,4,9,4,2,2,422
2763,321,4,10,1,2,3,123
2764,3,6,13,4,4,3,443
2765,31,5,12,4,3,3,433
2766,134,3,7,3,2,2,322
2767,338,1,5,1,1,1,111
2768,364,2,7,1,1,2,112
2769,153,5,12,2,3,3,233
2770,169,2,5,2,1,1,211
2771,127,3,7,3,2,2,322
2772,27,7,16,4,4,4,444
2773,580,1,2,1,1,1,111
2774,64,3,7,3,2,2,322
2775,55,4,10,4,2,3,423
2776,596,2,4,1,1,1,111
2777,213,4,10,2,2,3,223
2778,550,4,9,1,2,2,122
2779,4,6,22,4,4,4,444
2780,81,2,6,3,1,1,311
2781,213,6,13,2,4,3,243
2782,205,3,9,2,2,2,222
2783,275,1,2,2,1,1,211
2784,48,5,13,4,3,3,433
2785,74,5,10,3,3,3,333
2786,281,3,7,2,2,2,222
2787,190,6,16,2,4,4,244
2788,119,4,9,3,2,2,322
2789,213,8,23,2,4,4,244
2790,1,3,8,4,2,2,422
2791,405,1,2,1,1,1,111
2792,68,4,15,3,2,4,324
2794,93,7,18,3,4,4,344
2795,239,5,12,2,3,3,233
2796,75,5,12,3,3,3,333
2797,110,2,5,3,1,1,311
2798,131,4,8,3,2,2,322
2799,112,8,21,3,4,4,344
2800,90,5,13,3,3,3,333
2801,447,4,8,1,2,2,122
2802,381,4,8,1,2,2,122
2803,431,5,11,1,3,3,133
2804,347,4,9,1,2,2,122
2805,123,4,11,3,2,3,323
2806,634,4,10,1,2,3,123
2807,181,4,11,2,2,3,223
2808,240,3,6,2,2,1,221
2809,265,2,6,2,1,1,211
2810,1,6,17,4,4,4,444
2811,311,6,20,1,4,4,144
2812,388,2,4,1,1,1,111
2813,45,5,16,4,3,4,434
2814,71,7,17,3,4,4,344
2815,112,4,8,3,2,2,322
2816,81,8,24,3,4,4,344
2817,9,3,10,4,2,3,423
2818,39,3,6,4,2,1,421
2820,402,1,2,1,1,1,111
2822,13,2,4,4,1,1,411
2823,440,2,5,1,1,1,111
2824,24,3,9,4,2,2,422
2825,2,5,10,4,3,3,433
2826,483,1,2,1,1,1,111
2827,61,2,8,3,1,2,312
2828,698,1,2,1,1,1,111
2829,12,3,10,4,2,3,423
2830,192,4,11,2,2,3,223
2831,359,4,9,1,2,2,122
2832,59,5,11,3,3,3,333
2833,139,1,4,3,1,1,311
2834,5,4,10,4,2,3,423
2835,83,7,19,3,4,4,344
2836,2,5,12,4,3,3,433
2837,103,5,11,3,3,3,333
2838,51,3,7,4,2,2,422
2839,61,3,8,3,2,2,322
2840,146,6,15,2,4,4,244
2841,11,1,2,4,1,1,411
2842,155,2,4,2,1,1,211
2843,17,4,9,4,2,2,422
2844,224,1,2,2,1,1,211
2845,91,2,4,3,1,1,311
2846,99,3,6,3,2,1,321
2847,38,6,13,4,4,3,443
2848,46,2,4,4,1,1,411
2849,37,5,11,4,3,3,433
2850,279,4,9,2,2,2,222
2851,106,9,29,3,4,4,344
2852,206,1,2,2,1,1,211
2853,409,2,5,1,1,1,111
2854,326,4,11,1,2,3,123
2855,53,8,23,4,4,4,444
2856,132,2,4,3,1,1,311
2857,257,6,15,2,4,4,244
2858,494,1,3,1,1,1,111
2859,323,2,4,1,1,1,111
2860,11,6,14,4,4,4,444
2861,29,5,12,4,3,3,433
2862,145,3,6,2,2,1,221
2863,542,3,7,1,2,2,122
2864,150,4,10,2,2,3,223
2865,57,3,8,4,2,2,422
2866,624,1,2,1,1,1,111
2867,8,5,15,4,3,4,434
2868,27,8,21,4,4,4,444
2869,21,4,14,4,2,4,424
2870,67,5,13,3,3,3,333
2871,11,4,8,4,2,2,422
2872,103,3,8,3,2,2,322
2873,119,6,16,3,4,4,344
2874,113,4,16,3,2,4,324
2875,60,3,7,3,2,2,322
2876,62,5,12,3,3,3,333
2877,265,2,6,2,1,1,211
2878,422,2,4,1,1,1,111
2879,3,5,13,4,3,3,433
2880,58,3,8,4,2,2,422
2881,578,2,4,1,1,1,111
2882,189,4,11,2,2,3,223
2883,80,4,10,3,2,3,323
2884,3,4,8,4,2,2,422
2885,42,5,14,4,3,4,434
2886,384,2,4,1,1,1,111
2887,348,2,4,1,1,1,111
2888,11,4,9,4,2,2,422
2889,345,1,2,1,1,1,111
2890,249,2,6,2,1,1,211
2891,182,1,5,2,1,1,211
2892,406,2,5,1,1,1,111
2893,19,5,11,4,3,3,433
2894,292,1,2,1,1,1,111
2895,139,1,3,3,1,1,311
2897,338,3,6,1,2,1,121
2898,526,3,7,1,2,2,122
2899,37,4,11,4,2,3,423
2900,264,4,12,2,2,3,223
2901,509,4,8,1,2,2,122
2902,137,3,7,3,2,2,322
2903,145,3,12,2,2,3,223
2904,105,4,10,3,2,3,323
2905,70,2,6,3,1,1,311
2906,176,5,11,2,3,3,233
2907,377,7,17,1,4,4,144
2908,291,3,8,1,2,2,122
2909,237,5,11,2,3,3,233
2910,27,5,15,4,3,4,434
2911,170,2,4,2,1,1,211
2912,337,5,11,1,3,3,133
2913,180,2,4,2,1,1,211
2914,31,4,9,4,2,2,422
2915,422,2,4,1,1,1,111
2916,201,4,15,2,2,4,224
2917,583,2,6,1,1,1,111
2918,20,8,21,4,4,4,444
2919,184,2,4,2,1,1,211
2920,81,5,11,3,3,3,333
2921,399,3,9,1,2,2,122
2922,5,3,6,4,2,1,421
2923,424,2,5,1,1,1,111
2924,42,4,11,4,2,3,423
2925,20,7,16,4,4,4,444
2926,53,3,7,4,2,2,422
2927,331,5,10,1,3,3,133
2928,100,4,9,3,2,2,322
2929,435,2,4,1,1,1,111
2930,283,4,14,1,2,4,124
2931,544,1,3,1,1,1,111
2932,286,4,17,1,2,4,124
2933,269,2,8,2,1,2,212
2934,109,4,9,3,2,2,322
2935,356,4,10,1,2,3,123
2936,206,2,5,2,1,1,211
2937,153,7,17,2,4,4,244
2938,189,3,7,2,2,2,222
2939,150,3,8,2,2,2,222
2940,54,4,11,4,2,3,423
2941,89,6,12,3,4,3,343
2942,333,3,12,1,2,3,123
2943,194,4,8,2,2,2,222
2944,333,4,14,1,2,4,124
2945,165,2,5,2,1,1,211
2946,57,8,18,4,4,4,444
2947,168,3,7,2,2,2,222
2948,195,4,10,2,2,3,223
2949,578,2,5,1,1,1,111
2950,82,6,15,3,4,4,344
2951,9,3,7,4,2,2,422
2952,36,5,15,4,3,4,434
2953,361,1,3,1,1,1,111
2954,209,3,7,2,2,2,222
2955,208,6,15,2,4,4,244
2956,29,5,11,4,3,3,433
2957,34,7,19,4,4,4,444
2958,200,5,10,2,3,3,233
2960,12,9,26,4,4,4,444
2961,45,6,20,4,4,4,444
2962,249,4,9,2,2,2,222
2963,583,2,4,1,1,1,111
2964,142,5,12,3,3,3,333
2965,572,2,6,1,1,1,111
2966,400,2,6,1,1,1,111
2967,328,3,6,1,2,1,121
2968,75,1,2,3,1,1,311
2969,23,4,8,4,2,2,422
2970,1,2,7,4,1,2,412
2971,338,3,7,1,2,2,122
2972,224,2,10,2,1,3,213
2973,383,5,12,1,3,3,133
2974,5,4,9,4,2,2,422
2975,68,5,13,3,3,3,333
2976,212,2,5,2,1,1,211
2977,45,4,12,4,2,3,423
2978,36,5,19,4,3,4,434
2979,144,4,10,2,2,3,223
2980,248,3,7,2,2,2,222
2981,28,4,9,4,2,2,422
2982,189,5,12,2,3,3,233
2983,111,2,4,3,1,1,311
2984,310,4,11,1,2,3,123
2985,216,2,6,2,1,1,211
2986,226,5,17,2,3,4,234
2987,624,1,2,1,1,1,111
2988,78,1,2,3,1,1,311
2989,335,4,12,1,2,3,123
2990,141,9,24,3,4,4,344
2991,318,5,12,1,3,3,133
2992,52,1,3,4,1,1,411
2993,240,6,15,2,4,4,244
2994,537,2,6,1,1,1,111
2995,316,2,5,1,1,1,111
2996,96,6,14,3,4,4,344
2997,1,5,16,4,3,4,434
2998,170,2,5,2,1,1,211
2999,150,3,8,2,2,2,222
3000,496,1,2,1,1,1,111
3001,7,2,4,4,1,1,411
3002,140,5,17,3,3,4,334
3003,602,3,6,1,2,1,121
3004,324,2,4,1,1,1,111
3005,172,5,11,2,3,3,233
3006,4,3,7,4,2,2,422
3007,394,2,4,1,1,1,111
3008,540,2,5,1,1,1,111
3009,139,6,14,3,4,4,344
3010,139,5,11,3,3,3,333
3011,192,5,11,2,3,3,233
3012,102,3,6,3,2,1,321
3013,132,5,13,3,3,3,333
3014,50,5,17,4,3,4,434
3015,82,4,10,3,2,3,323
3016,30,3,7,4,2,2,422
3017,94,3,6,3,2,1,321
3018,187,3,6,2,2,1,221
3019,12,2,5,4,1,1,411
3020,126,3,8,3,2,2,322
3021,335,4,10,1,2,3,123
3022,46,4,9,4,2,2,422
3023,156,3,9,2,2,2,222
3024,373,2,5,1,1,1,111
3025,73,4,11,3,2,3,323
3026,341,5,15,1,3,4,134
3027,107,4,9,3,2,2,322
3028,205,6,15,2,4,4,244
3029,214,3,6,2,2,1,221
3030,382,4,10,1,2,3,123
3031,13,5,15,4,3,4,434
3032,209,2,4,2,1,1,211
3033,462,3,8,1,2,2,122
3034,223,5,10,2,3,3,233
3035,32,6,13,4,4,3,443
3036,104,3,17,3,2,4,324
3037,311,2,5,1,1,1,111
3038,354,5,12,1,3,3,133
3039,33,4,10,4,2,3,423
3040,446,1,4,1,1,1,111
3041,107,5,14,3,3,4,334
3042,4,7,22,4,4,4,444
3043,360,1,2,1,1,1,111
3044,93,7,19,3,4,4,344
3045,280,4,11,2,2,3,223
3046,43,6,23,4,4,4,444
3047,115,2,5,3,1,1,311
3048,21,6,19,4,4,4,444
3049,329,2,4,1,1,1,111
3050,16,9,33,4,4,4,444
3051,32,4,15,4,2,4,424
3052,180,2,5,2,1,1,211
3053,6,3,9,4,2,2,422
3054,186,7,18,2,4,4,244
3055,135,1,7,3,1,2,312
3056,138,2,4,3,1,1,311
3057,533,2,5,1,1,1,111
3058,157,3,8,2,2,2,222
3059,383,4,9,1,2,2,122
3060,179,3,7,2,2,2,222
3061,26,4,8,4,2,2,422
3062,152,4,11,2,2,3,223
3063,3,5,10,4,3,3,433
3064,363,2,4,1,1,1,111
3065,368,3,7,1,2,2,122
3066,25,6,12,4,4,3,443
3067,34,5,10,4,3,3,433
3068,195,3,7,2,2,2,222
3069,266,2,6,2,1,1,211
3071,201,4,15,2,2,4,224
3072,206,5,17,2,3,4,234
3073,348,2,5,1,1,1,111
3074,262,2,5,2,1,1,211
3075,77,3,6,3,2,1,321
3076,23,2,4,4,1,1,411
3077,122,6,17,3,4,4,344
3078,121,2,5,3,1,1,311
3079,296,4,9,1,2,2,122
3080,684,1,2,1,1,1,111
3081,464,5,15,1,3,4,134
3082,97,10,26,3,4,4,344
3083,468,4,10,1,2,3,123
3084,66,7,14,3,4,4,344
3085,173,2,4,2,1,1,211
3086,271,4,12,2,2,3,223
3087,369,3,6,1,2,1,121
3088,28,3,8,4,2,2,422
3089,75,5,11,3,3,3,333
3090,57,9,22,4,4,4,444
3092,7,3,6,4,2,1,421
3093,293,1,2,1,1,1,111
3094,86,8,17,3,4,4,344
3095,79,6,16,3,4,4,344
3096,131,3,7,3,2,2,322
3097,143,1,2,2,1,1,211
3098,118,2,4,3,1,1,311
3099,166,5,12,2,3,3,233
3100,222,5,12,2,3,3,233
3101,14,6,14,4,4,4,444
3102,27,4,8,4,2,2,422
3103,386,2,4,1,1,1,111
3104,210,6,18,2,4,4,244
3105,628,1,2,1,1,1,111
3106,599,3,8,1,2,2,122
3107,45,7,14,4,4,4,444
3108,646,1,4,1,1,1,111
3109,185,4,9,2,2,2,222
3110,526,2,6,1,1,1,111
3111,8,6,16,4,4,4,444
3112,226,4,8,2,2,2,222
3113,196,5,12,2,3,3,233
3115,428,7,16,1,4,4,144
3116,386,5,14,1,3,4,134
3117,92,4,12,3,2,3,323
3118,2,3,7,4,2,2,422
3119,186,6,17,2,4,4,244
3120,8,10,24,4,4,4,444
3122,61,9,24,3,4,4,344
3123,381,4,9,1,2,2,122
3124,266,1,3,2,1,1,211
3125,452,2,4,1,1,1,111
3126,394,1,2,1,1,1,111
3127,393,4,10,1,2,3,123
3128,123,4,17,3,2,4,324
3129,523,3,6,1,2,1,121
3130,243,3,6,2,2,1,221
3131,393,2,4,1,1,1,111
3132,124,4,10,3,2,3,323
3133,6,4,8,4,2,2,422
3134,207,1,2,2,1,1,211
3135,158,3,6,2,2,1,221
3136,612,1,2,1,1,1,111
3137,129,8,19,3,4,4,344
3138,256,4,13,2,2,3,223
3139,254,7,16,2,4,4,244
3140,126,6,12,3,4,3,343
3141,45,7,17,4,4,4,444
3142,486,5,11,1,3,3,133
3143,221,2,6,2,1,1,211
3144,137,4,13,3,2,3,323
3145,45,4,8,4,2,2,422
3146,552,2,4,1,1,1,111
3147,7,2,5,4,1,1,411
3148,278,4,11,2,2,3,223
3149,705,1,3,1,1,1,111
3150,507,3,6,1,2,1,121
3151,97,3,6,3,2,1,321
3152,37,1,4,4,1,1,411
3153,84,6,16,3,4,4,344
3154,192,5,11,2,3,3,233
3155,465,1,2,1,1,1,111
3156,151,3,6,2,2,1,221
3157,449,3,7,1,2,2,122
3158,453,4,9,1,2,2,122
3159,334,3,7,1,2,2,122
3160,239,5,10,2,3,3,233
3161,53,4,9,4,2,2,422
3162,208,1,2,2,1,1,211
3163,367,2,4,1,1,1,111
3164,92,6,21,3,4,4,344
3165,34,5,18,4,3,4,434
3166,247,6,14,2,4,4,244
3167,57,3,7,4,2,2,422
3168,15,5,12,4,3,3,433
3169,182,2,6,2,1,1,211
3170,28,3,12,4,2,3,423
3171,440,1,3,1,1,1,111
3172,305,3,7,1,2,2,122
3173,159,1,2,2,1,1,211
3174,325,2,4,1,1,1,111
3175,38,6,14,4,4,4,444
3176,152,6,13,2,4,3,243
3177,439,2,4,1,1,1,111
3178,23,5,12,4,3,3,433
3179,285,1,2,1,1,1,111
3180,73,10,36,3,4,4,344
3181,18,6,14,4,4,4,444
3182,77,5,14,3,3,4,334
3183,146,3,7,2,2,2,222
3184,41,7,14,4,4,4,444
3185,304,4,11,1,2,3,123
3186,36,5,10,4,3,3,433
3188,25,3,6,4,2,1,421
3189,38,7,17,4,4,4,444
3190,40,4,12,4,2,3,423
3191,1,2,5,4,1,1,411
3193,334,4,13,1,2,3,123
3194,242,6,14,2,4,4,244
3195,176,3,6,2,2,1,221
3196,57,2,5,4,1,1,411
3197,670,1,3,1,1,1,111
3198,191,2,5,2,1,1,211
3199,7,1,2,4,1,1,411
3200,274,4,8,2,2,2,222
3201,34,6,17,4,4,4,444
3202,47,3,7,4,2,2,422
3203,146,5,12,2,3,3,233
3204,237,5,11,2,3,3,233
3205,20,5,13,4,3,3,433
3206,79,6,12,3,4,3,343
3207,35,4,15,4,2,4,424
3208,41,5,14,4,3,4,434
3209,3,5,11,4,3,3,433
3210,8,3,8,4,2,2,422
3211,92,2,4,3,1,1,311
3212,257,2,4,2,1,1,211
3213,377,3,7,1,2,2,122
3214,9,4,15,4,2,4,424
3215,163,4,10,2,2,3,223
3216,322,2,4,1,1,1,111
3217,286,3,6,1,2,1,121
3218,568,2,5,1,1,1,111
3219,149,3,7,2,2,2,222
3220,54,5,12,4,3,3,433
3221,185,9,23,2,4,4,244
3222,148,4,10,2,2,3,223
3223,512,1,3,1,1,1,111
3224,292,4,10,1,2,3,123
3225,19,7,18,4,4,4,444
3226,432,4,8,1,2,2,122
3227,31,5,15,4,3,4,434
3228,339,1,8,1,1,2,112
3229,146,3,12,2,2,3,223
3230,351,1,2,1,1,1,111
3231,275,2,5,2,1,1,211
3232,13,7,16,4,4,4,444
3233,431,1,2,1,1,1,111
3234,137,1,2,3,1,1,311
3235,3,3,7,4,2,2,422
3236,180,4,10,2,2,3,223
3237,186,4,13,2,2,3,223
3238,546,2,8,1,1,2,112
3239,34,1,2,4,1,1,411
3240,364,2,4,1,1,1,111
3241,102,3,9,3,2,2,322
3242,222,3,8,2,2,2,222
3243,728,1,2,1,1,1,111
3244,41,3,6,4,2,1,421
3245,23,5,18,4,3,4,434
3246,126,8,22,3,4,4,344
3247,60,7,24,3,4,4,344
3248,195,10,21,2,4,4,244
3249,374,2,4,1,1,1,111
3250,263,2,5,2,1,1,211
3251,5,7,21,4,4,4,444
3252,131,5,12,3,3,3,333
3253,194,2,4,2,1,1,211
3254,73,4,10,3,2,3,323
3255,56,6,17,4,4,4,444
3256,154,4,9,2,2,2,222
3257,321,2,11,1,1,3,113
3258,225,6,13,2,4,3,243
3259,120,4,9,3,2,2,322
3260,29,3,8,4,2,2,422
3262,23,4,16,4,2,4,424
3263,532,3,7,1,2,2,122
3264,270,5,10,2,3,3,233
3265,22,2,7,4,1,2,412
3266,67,7,22,3,4,4,344
3267,347,4,9,1,2,2,122
3268,55,7,16,4,4,4,444
3269,85,2,5,3,1,1,311
3270,230,1,2,2,1,1,211
3271,4,3,7,4,2,2,422
3272,193,2,4,2,1,1,211
3273,96,3,9,3,2,2,322
3275,66,3,8,3,2,2,322
3276,184,4,15,2,2,4,224
3277,426,3,7,1,2,2,122
3278,397,2,4,1,1,1,111
3279,400,3,7,1,2,2,122
3280,171,3,6,2,2,1,221
3281,67,3,6,3,2,1,321
3282,192,5,11,2,3,3,233
3283,182,4,9,2,2,2,222
3284,42,7,16,4,4,4,444
3285,172,2,7,2,1,2,212
3286,8,2,4,4,1,1,411
3287,332,4,13,1,2,3,123
3288,249,3,6,2,2,1,221
3289,5,10,29,4,4,4,444
3290,216,1,2,2,1,1,211
3291,151,2,4,2,1,1,211
3292,109,3,6,3,2,1,321
3293,236,3,7,2,2,2,222
3294,181,6,13,2,4,3,243
3295,156,3,10,2,2,3,223
3296,136,5,14,3,3,4,334
3297,224,5,12,2,3,3,233
3298,219,4,10,2,2,3,223
3299,306,4,11,1,2,3,123
3300,86,4,11,3,2,3,323
3301,250,1,2,2,1,1,211
3302,223,3,6,2,2,1,221
3303,340,3,8,1,2,2,122
3304,31,3,10,4,2,3,423
3305,190,3,6,2,2,1,221
3306,2,7,16,4,4,4,444
3307,86,4,11,3,2,3,323
3308,69,9,28,3,4,4,344
3309,64,7,16,3,4,4,344
3310,231,4,11,2,2,3,223
3311,183,3,8,2,2,2,222
3312,7,4,9,4,2,2,422
3313,267,3,6,2,2,1,221
3314,505,1,2,1,1,1,111
3315,42,5,13,4,3,3,433
3316,358,3,7,1,2,2,122
3317,185,3,7,2,2,2,222
3318,163,2,4,2,1,1,211
3319,44,2,5,4,1,1,411
3320,628,3,6,1,2,1,121
3321,6,5,14,4,3,4,434
3322,81,6,16,3,4,4,344
3323,22,4,11,4,2,3,423
3324,129,5,11,3,3,3,333
3325,32,5,13,4,3,3,433
3326,245,2,4,2,1,1,211
3327,241,6,14,2,4,4,244
3328,77,4,11,3,2,3,323
3329,313,5,13,1,3,3,133
3330,158,2,5,2,1,1,211
3331,159,2,8,2,1,2,212
3332,334,2,5,1,1,1,111
3333,312,2,4,1,1,1,111
3334,242,4,9,2,2,2,222
3335,482,1,4,1,1,1,111
3336,280,1,2,2,1,1,211
3337,204,5,16,2,3,4,234
3338,136,4,9,3,2,2,322
3339,23,3,9,4,2,2,422
3341,16,2,5,4,1,1,411
3342,192,4,8,2,2,2,222
3343,235,5,10,2,3,3,233
3344,274,5,12,2,3,3,233
3345,92,1,2,3,1,1,311
3346,234,3,6,2,2,1,221
3347,209,5,14,2,3,4,234
3348,26,6,14,4,4,4,444
3349,537,3,8,1,2,2,122
3350,587,2,4,1,1,1,111
3351,78,2,6,3,1,1,311
3352,53,3,7,4,2,2,422
3353,139,6,19,3,4,4,344
3354,32,6,15,4,4,4,444
3355,29,2,6,4,1,1,411
3356,222,6,16,2,4,4,244
3357,206,3,9,2,2,2,222
3358,277,5,18,2,3,4,234
3359,524,2,5,1,1,1,111
3360,47,3,11,4,2,3,423
3361,162,9,22,2,4,4,244
3362,579,1,2,1,1,1,111
3363,2,6,13,4,4,3,443
3364,108,5,12,3,3,3,333
3365,67,6,15,3,4,4,344
3366,377,2,4,1,1,1,111
3367,672,1,2,1,1,1,111
3368,297,3,6,1,2,1,121
3369,2,5,15,4,3,4,434
3370,49,4,11,4,2,3,423
3372,674,1,2,1,1,1,111
3373,7,2,4,4,1,1,411
3374,126,2,5,3,1,1,311
3375,249,3,7,2,2,2,222
3376,723,1,3,1,1,1,111
3377,489,1,2,1,1,1,111
3378,352,4,9,1,2,2,122
3379,344,2,5,1,1,1,111
3380,50,6,18,4,4,4,444
3381,391,2,4,1,1,1,111
3382,413,3,10,1,2,3,123
3383,413,3,6,1,2,1,121
3384,32,5,10,4,3,3,433
3385,186,4,11,2,2,3,223
3386,331,4,8,1,2,2,122
3387,235,3,7,2,2,2,222
3389,136,5,13,3,3,3,333
3390,30,5,11,4,3,3,433
3391,10,1,2,4,1,1,411
3393,54,6,20,4,4,4,444
3394,18,3,7,4,2,2,422
3395,134,2,4,3,1,1,311
3396,231,5,13,2,3,3,233
3397,314,3,6,1,2,1,121
3398,295,4,11,1,2,3,123
3399,165,4,15,2,2,4,224
3400,302,3,12,1,2,3,123
3401,94,3,10,3,2,3,323
3402,137,9,21,3,4,4,344
3403,624,3,7,1,2,2,122
3404,24,2,4,4,1,1,411
3405,262,4,18,2,2,4,224
3406,69,3,6,3,2,1,321
3407,281,4,9,2,2,2,222
3408,56,2,6,4,1,1,411
3409,20,4,13,4,2,3,423
3410,63,7,14,3,4,4,344
3411,195,4,8,2,2,2,222
3412,339,1,4,1,1,1,111
3413,99,5,10,3,3,3,333
3414,69,4,13,3,2,3,323
3415,218,2,6,2,1,1,211
3416,46,5,14,4,3,4,434
3417,16,2,8,4,1,2,412
3418,293,2,4,1,1,1,111
3419,26,3,10,4,2,3,423
3420,307,3,6,1,2,1,121
3421,233,4,11,2,2,3,223
3422,522,1,2,1,1,1,111
3423,212,4,8,2,2,2,222
3424,137,3,11,3,2,3,323
3425,381,3,6,1,2,1,121
3426,67,4,8,3,2,2,322
3427,247,4,9,2,2,2,222
3428,290,3,8,1,2,2,122
3429,185,6,18,2,4,4,244
3430,259,4,16,2,2,4,224
3431,518,1,2,1,1,1,111
3432,271,2,4,2,1,1,211
3433,91,3,7,3,2,2,322
3434,204,1,5,2,1,1,211
3435,418,5,10,1,3,3,133
3436,279,1,2,2,1,1,211
3437,332,6,14,1,4,4,144
3438,4,6,16,4,4,4,444
3439,128,5,11,3,3,3,333
3440,10,1,6,4,1,1,411
3441,263,2,6,2,1,1,211
3442,47,5,13,4,3,3,433
3443,69,4,8,3,2,2,322
3444,632,2,8,1,1,2,112
3445,91,3,6,3,2,1,321
3447,34,4,13,4,2,3,423
3448,461,1,2,1,1,1,111
3449,32,3,8,4,2,2,422
3450,7,7,17,4,4,4,444
3451,122,4,8,3,2,2,322
3452,60,4,8,3,2,2,322
3453,15,2,4,4,1,1,411
3454,14,1,2,4,1,1,411
3455,43,3,8,4,2,2,422
3456,112,5,13,3,3,3,333
3457,417,2,6,1,1,1,111
3458,140,5,10,3,3,3,333
3459,148,4,9,2,2,2,222
3460,37,4,16,4,2,4,424
3461,188,2,6,2,1,1,211
3462,46,9,25,4,4,4,444
3463,98,4,8,3,2,2,322
3464,549,2,4,1,1,1,111
3465,60,9,22,3,4,4,344
3466,387,2,7,1,1,2,112
3467,7,6,13,4,4,3,443
3468,47,4,11,4,2,3,423
3469,225,5,16,2,3,4,234
3470,88,3,9,3,2,2,322
3471,80,4,10,3,2,3,323
3472,245,3,12,2,2,3,223
3473,268,3,6,2,2,1,221
3474,128,7,16,3,4,4,344
3475,17,4,10,4,2,3,423
3476,186,6,15,2,4,4,244
3477,532,1,3,1,1,1,111
3478,273,1,2,2,1,1,211
3479,282,4,8,1,2,2,122
3480,238,5,12,2,3,3,233
3481,88,4,16,3,2,4,324
3482,519,3,7,1,2,2,122
3483,39,6,15,4,4,4,444
3484,40,10,23,4,4,4,444
3485,162,3,6,2,2,1,221
3486,8,5,12,4,3,3,433
3487,432,6,12,1,4,3,143
3488,10,3,7,4,2,2,422
3489,43,5,15,4,3,4,434
3490,175,1,2,2,1,1,211
3491,66,7,14,3,4,4,344
3493,332,4,8,1,2,2,122
3494,180,3,7,2,2,2,222
3495,43,8,22,4,4,4,444
3496,100,4,10,3,2,3,323
3497,37,5,23,4,3,4,434
3498,275,4,8,2,2,2,222
3499,241,8,18,2,4,4,244
3500,163,5,17,2,3,4,234
3501,157,2,4,2,1,1,211
3502,478,5,11,1,3,3,133
3503,32,1,2,4,1,1,411
3504,56,4,19,4,2,4,424
3505,81,6,15,3,4,4,344
3507,51,7,18,4,4,4,444
3508,138,7,17,3,4,4,344
3509,176,4,14,2,2,4,224
3510,363,1,2,1,1,1,111
3511,46,7,14,4,4,4,444
3512,44,2,4,4,1,1,411
3513,124,2,7,3,1,2,312
3514,383,2,4,1,1,1,111
3515,181,5,12,2,3,3,233
3516,18,3,7,4,2,2,422
3517,20,8,22,4,4,4,444
3518,66,6,16,3,4,4,344
3519,18,3,13,4,2,3,423
3520,52,4,11,4,2,3,423
3521,167,4,8,2,2,2,222
3522,99,2,10,3,1,3,313
3523,52,7,16,4,4,4,444
3524,396,5,12,1,3,3,133
3525,320,2,9,1,1,2,112
3526,127,5,10,3,3,3,333
3527,93,3,12,3,2,3,323
3528,135,3,12,3,2,3,323
3529,109,7,15,3,4,4,344
3530,561,3,6,1,2,1,121
3531,124,5,17,3,3,4,334
3532,219,3,6,2,2,1,221
3533,496,1,2,1,1,1,111
3534,50,3,6,4,2,1,421
3535,121,5,15,3,3,4,334
3536,636,1,3,1,1,1,111
3537,98,6,13,3,4,3,343
3538,305,3,6,1,2,1,121
3539,341,6,14,1,4,4,144
3540,301,3,7,1,2,2,122
3541,653,2,4,1,1,1,111
3542,173,2,4,2,1,1,211
3543,81,6,22,3,4,4,344
3544,271,5,10,2,3,3,233
3545,31,4,11,4,2,3,423
3546,39,3,8,4,2,2,422
3547,33,3,19,4,2,4,424
3548,203,7,15,2,4,4,244
3549,152,8,20,2,4,4,244
3550,378,3,8,1,2,2,122
3551,160,3,9,2,2,2,222
3552,120,5,13,3,3,3,333
3553,213,3,6,2,2,1,221
3554,161,4,8,2,2,2,222
3555,443,1,3,1,1,1,111
3556,92,4,10,3,2,3,323
3557,164,4,11,2,2,3,223
3558,103,4,17,3,2,4,324
3559,182,5,12,2,3,3,233
3560,93,7,17,3,4,4,344
3561,368,4,8,1,2,2,122
3562,1,5,18,4,3,4,434
3563,36,4,8,4,2,2,422
3564,180,3,8,2,2,2,222
3565,625,1,3,1,1,1,111
3566,17,2,4,4,1,1,411
3567,88,2,5,3,1,1,311
3568,75,4,8,3,2,2,322
3569,420,3,6,1,2,1,121
3570,120,4,11,3,2,3,323
3571,20,6,14,4,4,4,444
3572,175,2,4,2,1,1,211
3573,272,4,9,2,2,2,222
3574,56,6,14,4,4,4,444
3575,237,5,11,2,3,3,233
3576,595,1,2,1,1,1,111
3577,233,3,7,2,2,2,222
3578,229,2,6,2,1,1,211
3579,1,5,13,4,3,3,433
3580,37,2,4,4,1,1,411
3581,6,7,20,4,4,4,444
3582,197,6,19,2,4,4,244
3583,28,7,15,4,4,4,444
3584,14,7,14,4,4,4,444
3585,163,2,4,2,1,1,211
3586,221,3,8,2,2,2,222
3587,148,5,11,2,3,3,233
3588,16,4,13,4,2,3,423
3589,57,6,13,4,4,3,443
3590,215,6,14,2,4,4,244
3591,120,3,8,3,2,2,322
3592,17,5,14,4,3,4,434
3593,58,10,23,4,4,4,444
3594,111,2,4,3,1,1,311
3595,14,7,17,4,4,4,444
3596,255,5,12,2,3,3,233
3597,18,3,6,4,2,1,421
3598,260,2,4,2,1,1,211
3599,40,5,11,4,3,3,433
3600,35,6,15,4,4,4,444
3601,11,4,8,4,2,2,422
3602,430,2,5,1,1,1,111
3603,335,4,12,1,2,3,123
3604,227,6,15,2,4,4,244
3605,270,1,3,2,1,1,211
3606,415,1,2,1,1,1,111
3607,677,1,2,1,1,1,111
3608,34,4,14,4,2,4,424
3609,19,5,10,4,3,3,433
3610,471,2,4,1,1,1,111
3611,321,2,7,1,1,2,112
3612,95,6,14,3,4,4,344
3613,87,4,12,3,2,3,323
3614,247,5,10,2,3,3,233
3615,120,4,10,3,2,3,323
3616,421,3,7,1,2,2,122
3617,258,5,11,2,3,3,233
3618,450,2,4,1,1,1,111
3619,268,5,10,2,3,3,233
3620,196,4,15,2,2,4,224
3621,59,7,18,3,4,4,344
3622,3,5,10,4,3,3,433
3623,238,2,4,2,1,1,211
3624,598,1,2,1,1,1,111
3625,440,1,2,1,1,1,111
3626,568,2,4,1,1,1,111
3627,543,1,4,1,1,1,111
3628,517,1,6,1,1,1,111
3629,262,6,13,2,4,3,243
3630,160,2,4,2,1,1,211
3631,475,1,2,1,1,1,111
3632,452,2,4,1,1,1,111
3633,2,5,16,4,3,4,434
3634,21,2,5,4,1,1,411
3635,18,7,21,4,4,4,444
3636,231,3,8,2,2,2,222
3637,9,3,13,4,2,3,423
3638,208,2,4,2,1,1,211
3639,397,4,9,1,2,2,122
3640,84,3,8,3,2,2,322
3641,4,3,6,4,2,1,421
3642,310,3,12,1,2,3,123
3643,102,5,15,3,3,4,334
3644,90,3,7,3,2,2,322
3645,19,4,11,4,2,3,423
3646,145,4,9,2,2,2,222
3647,303,2,5,1,1,1,111
3648,212,1,3,2,1,1,211
3649,193,7,17,2,4,4,244
3650,167,2,6,2,1,1,211
3651,76,6,21,3,4,4,344
3652,104,2,4,3,1,1,311
3653,52,4,11,4,2,3,423
3654,15,2,5,4,1,1,411
3655,318,2,5,1,1,1,111
3656,295,3,9,1,2,2,122
3657,93,8,20,3,4,4,344
3658,96,2,9,3,1,2,312
3659,193,4,8,2,2,2,222
3660,443,4,10,1,2,3,123
3661,34,4,12,4,2,3,423
3662,28,4,8,4,2,2,422
3663,41,8,19,4,4,4,444
3664,215,3,8,2,2,2,222
3665,99,2,8,3,1,2,312
3666,263,5,12,2,3,3,233
3667,383,4,9,1,2,2,122
3668,13,6,13,4,4,3,443
3669,324,4,12,1,2,3,123
3670,379,4,9,1,2,2,122
3671,81,3,10,3,2,3,323
3672,217,3,13,2,2,3,223
3673,126,4,8,3,2,2,322
3674,140,4,11,3,2,3,323
3675,150,5,11,2,3,3,233
3676,68,2,6,3,1,1,311
3677,31,5,13,4,3,3,433
3678,542,3,6,1,2,1,121
3679,8,6,21,4,4,4,444
3680,37,4,9,4,2,2,422
3681,78,4,10,3,2,3,323
3682,80,6,19,3,4,4,344
3683,26,5,14,4,3,4,434
3684,140,6,13,3,4,3,343
3685,127,3,10,3,2,3,323
3686,124,4,9,3,2,2,322
3687,9,5,19,4,3,4,434
3688,69,3,15,3,2,4,324
3689,155,4,10,2,2,3,223
3690,224,2,12,2,1,3,213
3691,129,5,23,3,3,4,334
3692,74,5,12,3,3,3,333
3693,45,3,8,4,2,2,422
3694,14,5,11,4,3,3,433
3695,175,4,8,2,2,2,222
3696,424,2,5,1,1,1,111
3697,89,4,11,3,2,3,323
3698,123,5,11,3,3,3,333
3699,19,3,9,4,2,2,422
3700,256,1,3,2,1,1,211
3701,248,4,12,2,2,3,223
3703,198,4,12,2,2,3,223
3704,94,5,12,3,3,3,333
3705,115,4,11,3,2,3,323
3706,409,1,2,1,1,1,111
3707,188,2,4,2,1,1,211
3708,119,3,7,3,2,2,322
3709,66,5,21,3,3,4,334
3710,131,3,8,3,2,2,322
3711,176,2,4,2,1,1,211
3712,11,3,8,4,2,2,422
3713,334,4,8,1,2,2,122
3714,572,2,4,1,1,1,111
3715,234,3,7,2,2,2,222
3716,51,4,9,4,2,2,422
3717,215,4,10,2,2,3,223
3718,74,6,18,3,4,4,344
3719,14,6,19,4,4,4,444
3720,217,3,8,2,2,2,222
3721,180,5,10,2,3,3,233
3722,517,3,6,1,2,1,121
3723,292,1,2,1,1,1,111
3724,20,3,6,4,2,1,421
3725,467,2,4,1,1,1,111
3726,219,2,6,2,1,1,211
3727,226,5,13,2,3,3,233
3728,49,6,13,4,4,3,443
3729,32,2,8,4,1,2,412
3730,157,4,8,2,2,2,222
3731,424,4,9,1,2,2,122
3732,25,7,21,4,4,4,444
3733,513,2,4,1,1,1,111
3734,117,2,5,3,1,1,311
3735,33,4,9,4,2,2,422
3736,34,4,12,4,2,3,423
3737,19,11,33,4,4,4,444
3738,1,4,10,4,2,3,423
3739,147,3,7,2,2,2,222
3740,591,1,2,1,1,1,111
3741,40,4,16,4,2,4,424
3742,131,2,4,3,1,1,311
3743,239,6,17,2,4,4,244
3744,23,3,12,4,2,3,423
3745,127,6,13,3,4,3,343
3746,52,5,13,4,3,3,433
3747,310,2,5,1,1,1,111
3748,79,4,11,3,2,3,323
3749,297,4,9,1,2,2,122
3750,228,3,6,2,2,1,221
3751,364,3,9,1,2,2,122
3752,132,6,27,3,4,4,344
3753,368,2,6,1,1,1,111
3754,343,2,6,1,1,1,111
3755,94,3,6,3,2,1,321
3756,29,5,10,4,3,3,433
3757,190,7,18,2,4,4,244
3758,118,6,14,3,4,4,344
3759,114,4,9,3,2,2,322
3760,39,5,15,4,3,4,434
3761,96,8,21,3,4,4,344
3762,133,5,11,3,3,3,333
3763,187,5,13,2,3,3,233
3764,51,6,12,4,4,3,443
3765,202,3,9,2,2,2,222
3766,53,3,9,4,2,2,422
3767,208,4,9,2,2,2,222
3768,85,7,16,3,4,4,344
3769,307,4,11,1,2,3,123
3770,352,1,3,1,1,1,111
3771,375,1,2,1,1,1,111
3772,95,4,8,3,2,2,322
3773,34,3,8,4,2,2,422
3774,14,4,12,4,2,3,423
3775,65,5,15,3,3,4,334
3776,166,6,17,2,4,4,244
3777,673,1,2,1,1,1,111
3778,28,5,12,4,3,3,433
3779,51,6,15,4,4,4,444
3780,675,1,2,1,1,1,111
3781,99,3,7,3,2,2,322
3782,331,7,18,1,4,4,144
3783,192,7,23,2,4,4,244
3784,200,3,9,2,2,2,222
3785,502,4,9,1,2,2,122
3786,234,5,13,2,3,3,233
3787,98,3,9,3,2,2,322
3788,318,1,2,1,1,1,111
3789,80,4,11,3,2,3,323
3790,64,6,13,3,4,3,343
3791,281,2,4,2,1,1,211
3792,519,1,4,1,1,1,111
3793,146,8,18,2,4,4,244
3794,35,4,11,4,2,3,423
3795,348,3,8,1,2,2,122
3796,208,1,2,2,1,1,211
3797,106,6,15,3,4,4,344
3798,118,2,6,3,1,1,311
3799,416,3,6,1,2,1,121
3800,326,3,6,1,2,1,121
3801,69,3,9,3,2,2,322
3802,77,2,4,3,1,1,311
3803,8,6,19,4,4,4,444
3804,193,4,9,2,2,2,222
3805,469,3,6,1,2,1,121
3806,125,2,7,3,1,2,312
3807,66,2,6,3,1,1,311
3808,135,5,10,3,3,3,333
3809,282,4,9,1,2,2,122
3810,238,2,6,2,1,1,211
3811,190,7,21,2,4,4,244
3812,48,8,20,4,4,4,444
3813,347,2,5,1,1,1,111
3814,163,3,13,2,2,3,223
3815,107,4,9,3,2,2,322
3816,13,4,9,4,2,2,422
3817,367,5,14,1,3,4,134
3818,14,5,15,4,3,4,434
3819,186,2,10,2,1,3,213
3820,523,2,6,1,1,1,111
3821,362,4,17,1,2,4,124
3822,97,5,19,3,3,4,334
3823,386,1,2,1,1,1,111
3824,322,1,2,1,1,1,111
3825,703,1,2,1,1,1,111
3826,613,1,2,1,1,1,111
3827,58,6,17,4,4,4,444
3828,199,4,9,2,2,2,222
3829,151,3,9,2,2,2,222
3830,74,9,23,3,4,4,344
3831,78,4,12,3,2,3,323
3832,167,5,15,2,3,4,234
3834,592,2,5,1,1,1,111
3835,106,7,21,3,4,4,344
3836,25,2,6,4,1,1,411
3837,233,2,5,2,1,1,211
3838,17,3,6,4,2,1,421
3839,474,3,9,1,2,2,122
3840,156,5,10,2,3,3,233
3841,165,6,17,2,4,4,244
3842,78,4,9,3,2,2,322
3843,75,4,9,3,2,2,322
3844,105,7,16,3,4,4,344
3845,103,1,2,3,1,1,311
3846,337,5,12,1,3,3,133
3847,28,5,11,4,3,3,433
3848,43,5,14,4,3,4,434
3849,381,5,12,1,3,3,133
3850,119,4,8,3,2,2,322
3851,235,4,8,2,2,2,222
3852,274,3,7,2,2,2,222
3853,180,1,6,2,1,1,211
3854,287,3,8,1,2,2,122
3855,29,8,18,4,4,4,444
3856,273,6,13,2,4,3,243
3857,57,5,14,4,3,4,434
3858,279,1,2,2,1,1,211
3859,92,2,4,3,1,1,311
3860,240,2,7,2,1,2,212
3861,177,3,9,2,2,2,222
3862,43,6,21,4,4,4,444
3863,201,6,14,2,4,4,244
3864,19,7,15,4,4,4,444
3866,177,5,10,2,3,3,233
3867,115,3,8,3,2,2,322
3868,134,2,5,3,1,1,311
3869,152,3,8,2,2,2,222
3870,285,2,6,1,1,1,111
3871,153,3,7,2,2,2,222
3872,38,10,30,4,4,4,444
3874,530,1,2,1,1,1,111
3876,89,3,6,3,2,1,321
3877,105,6,16,3,4,4,344
3878,156,5,16,2,3,4,234
3879,28,7,18,4,4,4,444
3881,268,5,14,2,3,4,234
3882,73,5,12,3,3,3,333
3883,87,2,4,3,1,1,311
3884,268,2,5,2,1,1,211
3885,77,2,5,3,1,1,311
3886,43,3,10,4,2,3,423
3887,463,1,3,1,1,1,111
3888,18,2,4,4,1,1,411
3889,373,2,5,1,1,1,111
3890,66,4,9,3,2,2,322
3891,39,5,13,4,3,3,433
3892,164,2,5,2,1,1,211
3893,260,5,11,2,3,3,233
3894,18,4,12,4,2,3,423
3895,565,3,10,1,2,3,123
3896,112,4,11,3,2,3,323
3897,130,5,13,3,3,3,333
3898,132,4,9,3,2,2,322
3899,7,5,16,4,3,4,434
3900,11,5,14,4,3,4,434
3901,396,2,4,1,1,1,111
3902,32,3,7,4,2,2,422
3903,86,6,19,3,4,4,344
3904,234,3,8,2,2,2,222
3905,195,7,16,2,4,4,244
3906,198,2,4,2,1,1,211
3907,67,3,9,3,2,2,322
3908,174,2,4,2,1,1,211
3909,325,6,16,1,4,4,144
3910,13,4,14,4,2,4,424
3911,130,6,16,3,4,4,344
3912,359,3,7,1,2,2,122
3913,285,4,12,1,2,3,123
3914,357,3,6,1,2,1,121
3915,92,10,31,3,4,4,344
3916,88,3,6,3,2,1,321
3917,109,5,13,3,3,3,333
3918,192,6,13,2,4,3,243
3919,85,4,10,3,2,3,323
3920,235,4,11,2,2,3,223
3921,420,4,8,1,2,2,122
3922,125,5,18,3,3,4,334
3923,338,3,8,1,2,2,122
3924,63,3,14,3,2,4,324
3925,281,2,8,2,1,2,212
3926,133,6,18,3,4,4,344
3927,22,3,9,4,2,2,422
3928,96,3,10,3,2,3,323
3929,55,4,9,4,2,2,422
3930,172,2,8,2,1,2,212
3931,298,5,13,1,3,3,133
3932,603,1,2,1,1,1,111
3933,394,2,4,1,1,1,111
3934,244,4,11,2,2,3,223
3935,182,3,8,2,2,2,222
3936,512,2,4,1,1,1,111
3937,42,5,10,4,3,3,433
3938,153,7,16,2,4,4,244
3939,324,2,5,1,1,1,111
3940,297,2,4,1,1,1,111
3941,416,1,3,1,1,1,111
3942,51,8,23,4,4,4,444
3943,637,1,2,1,1,1,111
3944,362,1,3,1,1,1,111
3945,88,3,6,3,2,1,321
3946,42,5,13,4,3,3,433
3947,201,5,10,2,3,3,233
3948,199,5,15,2,3,4,234
3949,274,1,2,2,1,1,211
3950,26,5,15,4,3,4,434
3952,62,4,9,3,2,2,322
3953,232,4,9,2,2,2,222
3954,324,2,7,1,1,2,112
3955,38,2,6,4,1,1,411
3956,377,6,16,1,4,4,144
3957,230,7,24,2,4,4,244
3958,57,3,6,4,2,1,421
3959,87,6,14,3,4,4,344
3960,71,7,23,3,4,4,344
3961,7,4,10,4,2,3,423
3962,102,5,14,3,3,4,334
3963,105,5,14,3,3,4,334
3964,660,2,5,1,1,1,111
3965,366,4,8,1,2,2,122
3966,213,5,11,2,3,3,233
3967,38,7,16,4,4,4,444
3968,49,2,5,4,1,1,411
3969,301,2,5,1,1,1,111
3970,424,1,2,1,1,1,111
3971,1,5,15,4,3,4,434
3972,206,6,14,2,4,4,244
3973,120,6,16,3,4,4,344
3974,195,3,6,2,2,1,221
3975,307,2,4,1,1,1,111
3976,102,6,13,3,4,3,343
3977,259,2,6,2,1,1,211
3978,161,2,5,2,1,1,211
3979,106,2,4,3,1,1,311
3980,106,3,11,3,2,3,323
3981,6,2,4,4,1,1,411
3982,93,7,15,3,4,4,344
3983,113,2,11,3,1,3,313
3984,331,2,6,1,1,1,111
3985,69,5,15,3,3,4,334
3986,43,5,12,4,3,3,433
3987,134,4,11,3,2,3,323
3989,439,3,6,1,2,1,121
3990,594,1,2,1,1,1,111
3991,546,1,2,1,1,1,111
3992,411,2,4,1,1,1,111
3993,316,1,3,1,1,1,111
3994,394,1,2,1,1,1,111
3995,188,1,4,2,1,1,211
3996,122,3,6,3,2,1,321
3997,80,4,10,3,2,3,323
3998,17,6,17,4,4,4,444
3999,45,5,13,4,3,3,433
4001,193,3,8,2,2,2,222
4002,119,6,14,3,4,4,344
4003,8,4,9,4,2,2,422
4004,235,2,10,2,1,3,213
4005,597,1,4,1,1,1,111
4006,13,4,12,4,2,3,423
4007,8,4,12,4,2,3,423
4008,226,4,9,2,2,2,222
4009,170,4,11,2,2,3,223
4010,2,2,6,4,1,1,411
4011,490,1,2,1,1,1,111
4012,229,3,14,2,2,4,224
4013,288,4,9,1,2,2,122
4014,46,4,8,4,2,2,422
4015,279,7,17,2,4,4,244
4016,254,2,6,2,1,1,211
4017,57,4,8,4,2,2,422
4018,44,7,17,4,4,4,444
4019,125,8,17,3,4,4,344
4020,264,2,5,2,1,1,211
4021,426,3,6,1,2,1,121
4022,153,3,8,2,2,2,222
4023,344,1,2,1,1,1,111
4024,76,6,14,3,4,4,344
4025,57,4,12,4,2,3,423
4027,185,2,4,2,1,1,211
4028,176,4,10,2,2,3,223
4029,430,1,2,1,1,1,111
4030,9,5,20,4,3,4,434
4031,74,3,7,3,2,2,322
4032,143,2,4,2,1,1,211
4033,208,3,6,2,2,1,221
4034,48,3,6,4,2,1,421
4035,150,4,13,2,2,3,223
4036,219,5,12,2,3,3,233
4037,2,4,10,4,2,3,423
4038,55,3,14,4,2,4,424
4039,4,4,12,4,2,3,423
4040,272,4,11,2,2,3,223
4041,76,3,11,3,2,3,323
4042,14,6,16,4,4,4,444
4043,344,1,2,1,1,1,111
4044,30,4,10,4,2,3,423
4045,9,4,11,4,2,3,423
4046,367,4,9,1,2,2,122
4047,300,2,4,1,1,1,111
4048,237,3,9,2,2,2,222
4049,152,3,12,2,2,3,223
4050,178,3,9,2,2,2,222
4051,337,2,6,1,1,1,111
4052,254,2,5,2,1,1,211
4053,284,1,6,1,1,1,111
4054,239,2,5,2,1,1,211
4055,646,1,3,1,1,1,111
4056,72,6,16,3,4,4,344
4058,1,3,7,4,2,2,422
4059,238,3,9,2,2,2,222
4060,20,3,7,4,2,2,422
4061,236,3,6,2,2,1,221
4062,399,1,2,1,1,1,111
4063,49,2,9,4,1,2,412
4064,105,3,6,3,2,1,321
4065,177,6,13,2,4,3,243
4066,394,4,8,1,2,2,122
4067,76,3,6,3,2,1,321
4068,20,4,12,4,2,3,423
4069,242,3,11,2,2,3,223
4070,157,3,6,2,2,1,221
4071,77,4,9,3,2,2,322
4072,139,1,2,3,1,1,311
4073,59,5,14,3,3,4,334
4074,112,4,9,3,2,2,322
4075,360,4,8,1,2,2,122
4076,223,5,12,2,3,3,233
4077,149,6,14,2,4,4,244
4078,47,6,16,4,4,4,444
4079,102,3,6,3,2,1,321
4080,181,4,8,2,2,2,222
4081,72,3,6,3,2,1,321
4082,244,5,11,2,3,3,233
4083,503,1,2,1,1,1,111
4084,58,5,11,4,3,3,433
4085,93,4,10,3,2,3,323
4086,411,5,13,1,3,3,133
4087,127,2,5,3,1,1,311
4088,99,4,10,3,2,3,323
4089,88,3,6,3,2,1,321
4090,308,3,6,1,2,1,121
4091,3,6,14,4,4,4,444
4092,92,4,10,3,2,3,323
4093,479,2,4,1,1,1,111
4094,276,4,10,2,2,3,223
4095,2,3,6,4,2,1,421
4096,185,4,10,2,2,3,223
4097,33,6,14,4,4,4,444
4098,328,4,11,1,2,3,123
4099,338,2,5,1,1,1,111
4100,253,3,8,2,2,2,222
4101,245,4,8,2,2,2,222
4102,58,6,19,4,4,4,444
4103,158,4,9,2,2,2,222
4104,31,7,16,4,4,4,444
4105,28,4,10,4,2,3,423
4106,128,5,13,3,3,3,333
4107,46,4,12,4,2,3,423
4108,95,5,14,3,3,4,334
4109,88,6,13,3,4,3,343
4110,33,6,16,4,4,4,444
4112,248,5,18,2,3,4,234
4113,140,6,12,3,4,3,343
4114,146,4,10,2,2,3,223
4115,223,4,11,2,2,3,223
4116,244,3,8,2,2,2,222
4117,21,6,15,4,4,4,444
4118,7,1,2,4,1,1,411
4119,236,4,9,2,2,2,222
4120,20,5,11,4,3,3,433
4121,60,6,15,3,4,4,344
4122,69,4,9,3,2,2,322
4123,17,2,4,4,1,1,411
4124,113,7,17,3,4,4,344
4125,200,5,11,2,3,3,233
4126,420,3,7,1,2,2,122
4127,49,4,11,4,2,3,423
4129,54,7,17,4,4,4,444
4130,55,6,16,4,4,4,444
4131,277,4,11,2,2,3,223
4132,394,4,9,1,2,2,122
4133,157,6,13,2,4,3,243
4134,33,6,14,4,4,4,444
4135,599,2,4,1,1,1,111
4136,142,3,6,3,2,1,321
4137,5,9,26,4,4,4,444
4138,82,5,12,3,3,3,333
4139,35,2,6,4,1,1,411
4140,679,3,6,1,2,1,121
4141,49,1,3,4,1,1,411
4142,44,1,2,4,1,1,411
4143,664,2,4,1,1,1,111
4144,55,4,8,4,2,2,422
4145,264,3,6,2,2,1,221
4146,325,6,15,1,4,4,144
4147,106,4,12,3,2,3,323
4148,266,5,12,2,3,3,233
4149,286,4,9,1,2,2,122
4150,127,4,12,3,2,3,323
4151,59,1,2,3,1,1,311
4152,196,5,16,2,3,4,234
4153,157,7,22,2,4,4,244
4154,182,4,8,2,2,2,222
4155,98,6,17,3,4,4,344
4156,150,4,13,2,2,3,223
4157,361,2,6,1,1,1,111
4158,5,2,4,4,1,1,411
4159,3,3,6,4,2,1,421
4160,141,6,13,3,4,3,343
4161,98,2,5,3,1,1,311
4162,9,4,14,4,2,4,424
4163,215,6,15,2,4,4,244
4164,462,4,10,1,2,3,123
4165,135,8,20,3,4,4,344
4166,55,4,14,4,2,4,424
4167,116,3,6,3,2,1,321
4168,393,2,4,1,1,1,111
4169,37,6,15,4,4,4,444
4170,173,5,15,2,3,4,234
4171,211,3,8,2,2,2,222
4172,84,3,9,3,2,2,322
4173,234,2,4,2,1,1,211
4174,439,2,4,1,1,1,111
4175,336,1,7,1,1,2,112
4176,240,3,7,2,2,2,222
4177,199,3,10,2,2,3,223
4178,48,7,20,4,4,4,444
4179,285,3,9,1,2,2,122
4180,50,6,13,4,4,3,443
4181,480,1,3,1,1,1,111
4182,132,6,14,3,4,4,344
4183,350,6,17,1,4,4,144
4184,16,3,8,4,2,2,422
4185,349,2,6,1,1,1,111
4186,67,1,3,3,1,1,311
4187,64,8,21,3,4,4,344
4188,498,1,2,1,1,1,111
4189,111,2,6,3,1,1,311
4190,4,9,21,4,4,4,444
4191,58,6,13,4,4,3,443
4192,15,5,15,4,3,4,434
4193,123,4,8,3,2,2,322
4194,234,6,14,2,4,4,244
4195,91,3,10,3,2,3,323
4196,54,5,10,4,3,3,433
4197,58,6,17,4,4,4,444
4198,288,2,5,1,1,1,111
4199,2,4,11,4,2,3,423
4200,556,1,3,1,1,1,111
4201,78,6,12,3,4,3,343
4202,29,6,13,4,4,3,443
4204,76,4,10,3,2,3,323
4205,312,2,4,1,1,1,111
4206,385,7,15,1,4,4,144
4207,125,4,15,3,2,4,324
4208,696,1,2,1,1,1,111
4209,520,2,4,1,1,1,111
4210,146,2,4,2,1,1,211
4211,471,5,12,1,3,3,133
4212,244,5,11,2,3,3,233
4213,130,3,8,3,2,2,322
4214,85,6,13,3,4,3,343
4215,184,4,18,2,2,4,224
4216,247,5,11,2,3,3,233
4217,13,10,25,4,4,4,444
4218,89,4,12,3,2,3,323
4219,76,4,8,3,2,2,322
4220,40,5,16,4,3,4,434
4221,307,4,8,1,2,2,122
4222,4,4,13,4,2,3,423
4223,85,7,17,3,4,4,344
4224,25,6,12,4,4,3,443
4225,237,2,6,2,1,1,211
4226,25,4,9,4,2,2,422
4227,133,3,7,3,2,2,322
4228,257,5,13,2,3,3,233
4229,133,3,8,3,2,2,322
4230,56,4,9,4,2,2,422
4231,354,2,5,1,1,1,111
4232,12,4,12,4,2,3,423
4233,198,4,11,2,2,3,223
4234,151,6,20,2,4,4,244
4235,12,7,19,4,4,4,444
4236,36,4,14,4,2,4,424
4237,590,1,2,1,1,1,111
4238,19,3,8,4,2,2,422
4239,323,2,4,1,1,1,111
4240,27,5,15,4,3,4,434
4241,455,2,6,1,1,1,111
4242,22,3,7,4,2,2,422
4243,131,6,16,3,4,4,344
4244,61,5,10,3,3,3,333
4245,210,4,9,2,2,2,222
4246,30,3,8,4,2,2,422
4247,728,1,2,1,1,1,111
4248,448,1,2,1,1,1,111
4249,27,5,11,4,3,3,433
4250,432,2,4,1,1,1,111
4251,10,6,22,4,4,4,444
4252,265,3,9,2,2,2,222
4254,139,3,6,3,2,1,321
4255,120,5,11,3,3,3,333
4256,591,3,6,1,2,1,121
4257,132,6,13,3,4,3,343
4258,20,5,13,4,3,3,433
4259,190,5,12,2,3,3,233
4260,45,4,12,4,2,3,423
4261,318,5,12,1,3,3,133
4262,76,7,17,3,4,4,344
4264,234,4,9,2,2,2,222
4265,19,5,10,4,3,3,433
4266,153,5,19,2,3,4,234
4267,82,6,14,3,4,4,344
4268,250,5,12,2,3,3,233
4269,274,3,10,2,2,3,223
4270,326,3,6,1,2,1,121
4271,377,2,5,1,1,1,111
4272,208,9,27,2,4,4,244
4273,200,4,8,2,2,2,222
4274,92,6,12,3,4,3,343
4275,111,5,15,3,3,4,334
4277,25,7,23,4,4,4,444
4278,546,2,4,1,1,1,111
4279,703,1,2,1,1,1,111
4280,25,5,15,4,3,4,434
4281,74,5,13,3,3,3,333
4282,191,2,4,2,1,1,211
4283,559,3,7,1,2,2,122
4284,78,3,10,3,2,3,323
4285,2,4,8,4,2,2,422
4286,110,4,13,3,2,3,323
4287,147,2,6,2,1,1,211
4288,48,5,12,4,3,3,433
4289,84,3,9,3,2,2,322
4290,483,3,7,1,2,2,122
4291,22,6,16,4,4,4,444
4292,26,7,20,4,4,4,444
4293,92,7,22,3,4,4,344
4294,28,6,14,4,4,4,444
4295,66,3,11,3,2,3,323
4296,127,4,10,3,2,3,323
4297,65,8,23,3,4,4,344
4298,159,3,9,2,2,2,222
4299,139,6,15,3,4,4,344
4300,271,3,8,2,2,2,222
4301,11,4,15,4,2,4,424
4302,56,7,20,4,4,4,444
4303,6,9,25,4,4,4,444
4304,320,3,8,1,2,2,122
4305,160,6,15,2,4,4,244
4306,3,4,12,4,2,3,423
4307,544,1,2,1,1,1,111
4308,26,6,19,4,4,4,444
4309,107,2,4,3,1,1,311
4310,307,3,7,1,2,2,122
4311,390,2,5,1,1,1,111
4312,17,5,17,4,3,4,434
4313,156,4,10,2,2,3,223
4314,243,7,17,2,4,4,244
4315,249,2,7,2,1,2,212
4316,354,8,20,1,4,4,144
4317,644,2,4,1,1,1,111
4318,490,3,6,1,2,1,121
4319,53,6,14,4,4,4,444
4320,20,5,15,4,3,4,434
4321,65,6,18,3,4,4,344
4322,28,5,11,4,3,3,433
4323,14,5,12,4,3,3,433
4324,360,4,14,1,2,4,124
4325,78,4,9,3,2,2,322
4326,55,5,12,4,3,3,433
4327,249,2,5,2,1,1,211
4328,124,3,12,3,2,3,323
4329,434,3,7,1,2,2,122
4330,192,6,18,2,4,4,244
4331,112,3,6,3,2,1,321
4332,37,2,4,4,1,1,411
4333,183,1,2,2,1,1,211
4334,51,5,15,4,3,4,434
4335,26,7,17,4,4,4,444
4336,82,6,15,3,4,4,344
4337,66,3,9,3,2,2,322
4338,81,11,28,3,4,4,344
4339,406,3,6,1,2,1,121
4340,6,6,13,4,4,3,443
4341,431,3,7,1,2,2,122
4342,288,5,10,1,3,3,133
4343,10,2,7,4,1,2,412
4344,239,3,9,2,2,2,222
4345,337,3,6,1,2,1,121
4347,299,2,4,1,1,1,111
4348,264,5,12,2,3,3,233
4349,292,4,8,1,2,2,122
4351,132,4,13,3,2,3,323
4352,2,4,13,4,2,3,423
4353,129,6,17,3,4,4,344
4354,349,2,4,1,1,1,111
4355,40,4,9,4,2,2,422
4356,30,3,9,4,2,2,422
4357,82,3,9,3,2,2,322
4358,55,3,6,4,2,1,421
4359,98,3,9,3,2,2,322
4360,311,3,6,1,2,1,121
4361,117,4,8,3,2,2,322
4362,173,6,15,2,4,4,244
4363,183,3,6,2,2,1,221
4364,7,9,22,4,4,4,444
4365,314,2,4,1,1,1,111
4366,140,1,2,3,1,1,311
4367,46,5,12,4,3,3,433
4368,80,4,8,3,2,2,322
4369,128,4,10,3,2,3,323
4370,573,3,8,1,2,2,122
4371,193,4,9,2,2,2,222
4372,154,4,16,2,2,4,224
4373,141,3,7,3,2,2,322
4374,468,2,4,1,1,1,111
4375,87,5,12,3,3,3,333
4376,39,10,26,4,4,4,444
4377,311,2,11,1,1,3,113
4378,241,2,4,2,1,1,211
4379,91,2,4,3,1,1,311
4380,58,4,11,4,2,3,423
4381,92,3,6,3,2,1,321
4382,48,2,4,4,1,1,411
4383,394,2,4,1,1,1,111
4384,100,4,14,3,2,4,324
4385,44,2,5,4,1,1,411
4386,114,1,2,3,1,1,311
4387,106,8,17,3,4,4,344
4388,286,4,14,1,2,4,124
4389,14,7,17,4,4,4,444
4390,345,2,5,1,1,1,111
4391,280,6,14,2,4,4,244
4392,33,5,13,4,3,3,433
4393,37,2,5,4,1,1,411
4394,413,4,9,1,2,2,122
4395,189,3,8,2,2,2,222
4396,202,2,4,2,1,1,211
4397,187,4,11,2,2,3,223
4398,52,5,10,4,3,3,433
4400,20,3,6,4,2,1,421
4401,448,4,9,1,2,2,122
4402,448,2,5,1,1,1,111
4403,102,5,12,3,3,3,333
4404,447,3,7,1,2,2,122
4405,162,2,10,2,1,3,213
4406,218,8,17,2,4,4,244
4407,315,3,6,1,2,1,121
4408,255,4,9,2,2,2,222
4409,350,2,7,1,1,2,112
4410,80,4,11,3,2,3,323
4411,162,2,6,2,1,1,211
4412,11,6,13,4,4,3,443
4413,81,3,7,3,2,2,322
4414,342,3,7,1,2,2,122
4415,338,4,8,1,2,2,122
4416,8,7,16,4,4,4,444
4417,227,4,15,2,2,4,224
4418,88,4,8,3,2,2,322
4419,8,1,2,4,1,1,411
4420,309,3,6,1,2,1,121
4422,438,2,6,1,1,1,111
4423,674,1,2,1,1,1,111
4424,76,3,8,3,2,2,322
4425,75,1,2,3,1,1,311
4426,208,7,15,2,4,4,244
4427,334,5,12,1,3,3,133
4428,130,3,6,3,2,1,321
4429,163,1,3,2,1,1,211
4430,29,5,14,4,3,4,434
4431,45,5,14,4,3,4,434
4432,97,5,10,3,3,3,333
4433,220,5,17,2,3,4,234
4434,101,6,15,3,4,4,344
4435,390,4,8,1,2,2,122
4436,8,1,2,4,1,1,411
4437,32,9,23,4,4,4,444
4439,132,3,8,3,2,2,322
4440,30,6,12,4,4,3,443
4441,52,6,16,4,4,4,444
4442,33,5,14,4,3,4,434
4443,416,3,7,1,2,2,122
4444,86,5,15,3,3,4,334
4445,30,6,15,4,4,4,444
4447,244,1,2,2,1,1,211
4448,359,5,12,1,3,3,133
4449,276,3,10,2,2,3,223
4450,154,3,7,2,2,2,222
4451,403,1,2,1,1,1,111
4452,38,2,4,4,1,1,411
4453,130,8,18,3,4,4,344
4454,8,1,3,4,1,1,411
4455,5,8,16,4,4,4,444
4456,145,5,17,2,3,4,234
4457,119,2,10,3,1,3,313
4458,650,2,6,1,1,1,111
4459,13,5,12,4,3,3,433
4460,172,3,8,2,2,2,222
4461,321,4,9,1,2,2,122
4462,207,4,12,2,2,3,223
4463,58,4,10,4,2,3,423
4464,71,8,17,3,4,4,344
4465,367,2,4,1,1,1,111
4466,119,3,10,3,2,3,323
4467,39,4,11,4,2,3,423
4468,199,4,17,2,2,4,224
4469,74,3,7,3,2,2,322
4470,8,5,14,4,3,4,434
4471,306,4,9,1,2,2,122
4472,446,1,2,1,1,1,111
4473,115,4,14,3,2,4,324
4474,21,4,11,4,2,3,423
4475,272,2,5,2,1,1,211
4477,319,2,7,1,1,2,112
4478,27,3,9,4,2,2,422
4479,324,4,9,1,2,2,122
4480,567,2,5,1,1,1,111
4481,468,2,4,1,1,1,111
4482,31,3,11,4,2,3,423
4483,138,2,4,3,1,1,311
4484,34,3,6,4,2,1,421
4485,159,4,12,2,2,3,223
4486,29,6,26,4,4,4,444
4487,164,7,19,2,4,4,244
4488,380,3,6,1,2,1,121
4489,42,3,8,4,2,2,422
4490,709,1,4,1,1,1,111
4491,469,1,2,1,1,1,111
4492,200,4,9,2,2,2,222
4493,63,4,10,3,2,3,323
4494,59,9,21,3,4,4,344
4495,15,7,23,4,4,4,444
4496,342,1,2,1,1,1,111
4497,207,2,4,2,1,1,211
4498,256,5,11,2,3,3,233
4499,63,6,15,3,4,4,344
4500,206,4,10,2,2,3,223
4501,199,5,13,2,3,3,233
4502,39,4,9,4,2,2,422
4503,12,5,11,4,3,3,433
4504,118,5,14,3,3,4,334
4505,258,5,13,2,3,3,233
4506,142,1,2,3,1,1,311
4507,138,2,6,3,1,1,311
4508,85,6,13,3,4,3,343
4509,32,6,20,4,4,4,444
4510,119,7,17,3,4,4,344
4511,185,3,7,2,2,2,222
4512,10,6,15,4,4,4,444
4513,57,2,5,4,1,1,411
4514,532,1,2,1,1,1,111
4515,199,7,19,2,4,4,244
4516,24,2,7,4,1,2,412
4517,431,1,2,1,1,1,111
4518,164,2,5,2,1,1,211
4519,58,2,5,4,1,1,411
4520,648,3,6,1,2,1,121
4521,107,1,2,3,1,1,311
4522,227,3,8,2,2,2,222
4523,64,6,12,3,4,3,343
4524,5,8,22,4,4,4,444
4525,85,6,15,3,4,4,344
4526,129,9,20,3,4,4,344
4527,74,5,11,3,3,3,333
4528,79,2,4,3,1,1,311
4529,221,4,10,2,2,3,223
4530,110,2,4,3,1,1,311
4531,76,7,17,3,4,4,344
4532,32,3,6,4,2,1,421
4533,224,3,6,2,2,1,221
4534,442,2,4,1,1,1,111
4535,26,3,7,4,2,2,422
4536,109,4,11,3,2,3,323
4537,11,6,13,4,4,3,443
4538,33,4,8,4,2,2,422
4539,297,3,9,1,2,2,122
4540,72,5,12,3,3,3,333
4541,257,4,10,2,2,3,223
4542,347,3,6,1,2,1,121
4543,69,3,6,3,2,1,321
4544,344,5,12,1,3,3,133
4546,119,4,11,3,2,3,323
4547,347,2,7,1,1,2,112
4548,154,7,15,2,4,4,244
4550,52,6,16,4,4,4,444
4551,156,2,4,2,1,1,211
4552,75,3,8,3,2,2,322
4553,201,2,7,2,1,2,212
4554,126,4,9,3,2,2,322
4555,54,5,14,4,3,4,434
4556,136,4,9,3,2,2,322
4557,73,4,8,3,2,2,322
4558,270,3,6,2,2,1,221
4559,233,4,10,2,2,3,223
4560,181,2,4,2,1,1,211
4561,483,4,9,1,2,2,122
4562,420,2,4,1,1,1,111
4563,187,5,12,2,3,3,233
4564,57,6,17,4,4,4,444
4565,1,1,2,4,1,1,411
4566,123,6,13,3,4,3,343
4567,90,6,12,3,4,3,343
4569,157,3,12,2,2,3,223
4570,131,2,6,3,1,1,311
4571,270,3,6,2,2,1,221
4572,63,5,18,3,3,4,334
4573,8,7,16,4,4,4,444
4574,31,6,21,4,4,4,444
4575,21,4,8,4,2,2,422
4576,105,4,14,3,2,4,324
4577,57,3,6,4,2,1,421
4578,479,4,9,1,2,2,122
4579,63,5,16,3,3,4,334
4580,32,2,8,4,1,2,412
4581,272,2,6,2,1,1,211
4582,48,4,9,4,2,2,422
4583,311,2,10,1,1,3,113
4584,29,5,10,4,3,3,433
4585,94,5,21,3,3,4,334
4586,461,3,7,1,2,2,122
4587,587,1,2,1,1,1,111
4588,53,5,21,4,3,4,434
4589,23,5,16,4,3,4,434
4590,499,1,2,1,1,1,111
4591,201,3,9,2,2,2,222
4592,23,6,16,4,4,4,444
4593,135,4,10,3,2,3,323
4594,191,7,18,2,4,4,244
4595,146,2,4,2,1,1,211
4596,209,5,10,2,3,3,233
4597,171,3,6,2,2,1,221
4598,43,5,18,4,3,4,434
4599,617,2,4,1,1,1,111
4600,170,3,11,2,2,3,223
4601,16,7,15,4,4,4,444
4602,127,1,3,3,1,1,311
4603,344,4,10,1,2,3,123
4604,22,2,4,4,1,1,411
4605,69,3,6,3,2,1,321
4606,230,5,13,2,3,3,233
4607,16,3,8,4,2,2,422
4608,36,4,12,4,2,3,423
4609,54,2,4,4,1,1,411
4610,165,4,12,2,2,3,223
4611,126,2,5,3,1,1,311
4612,245,2,4,2,1,1,211
4613,228,4,12,2,2,3,223
4614,68,5,10,3,3,3,333
4615,428,2,5,1,1,1,111
4616,137,6,13,3,4,3,343
4617,402,3,9,1,2,2,122
4618,15,5,12,4,3,3,433
4619,198,2,5,2,1,1,211
4620,295,3,9,1,2,2,122
4621,643,1,2,1,1,1,111
4622,476,4,8,1,2,2,122
4623,176,7,14,2,4,4,244
4624,34,7,22,4,4,4,444
4625,268,2,5,2,1,1,211
4626,7,3,7,4,2,2,422
4627,13,2,4,4,1,1,411
4628,21,7,20,4,4,4,444
4629,45,4,10,4,2,3,423
4630,550,1,2,1,1,1,111
4631,674,1,2,1,1,1,111
4632,88,5,10,3,3,3,333
4633,136,4,14,3,2,4,324
4634,230,3,9,2,2,2,222
4635,76,4,8,3,2,2,322
4636,265,4,17,2,2,4,224
4637,231,5,11,2,3,3,233
4638,423,4,8,1,2,2,122
4639,404,1,2,1,1,1,111
4640,97,3,9,3,2,2,322
4641,32,5,10,4,3,3,433
4642,28,2,4,4,1,1,411
4643,29,6,16,4,4,4,444
4644,128,2,6,3,1,1,311
4645,2,8,20,4,4,4,444
4646,153,6,12,2,4,3,243
4647,317,2,4,1,1,1,111
4648,84,4,9,3,2,2,322
4649,452,5,11,1,3,3,133
4650,382,5,11,1,3,3,133
4651,193,3,8,2,2,2,222
4652,267,4,13,2,2,3,223
4653,417,2,4,1,1,1,111
4654,473,3,7,1,2,2,122
4655,151,4,10,2,2,3,223
4656,6,9,21,4,4,4,444
4657,138,5,20,3,3,4,334
4658,170,3,8,2,2,2,222
4659,370,4,8,1,2,2,122
4660,174,3,8,2,2,2,222
4661,235,7,17,2,4,4,244
4662,44,5,16,4,3,4,434
4663,622,3,6,1,2,1,121
4664,219,3,8,2,2,2,222
4665,308,4,8,1,2,2,122
4666,29,6,20,4,4,4,444
4667,128,8,17,3,4,4,344
4668,333,3,6,1,2,1,121
4669,189,5,10,2,3,3,233
4670,81,3,7,3,2,2,322
4671,152,8,22,2,4,4,244
4672,56,3,7,4,2,2,422
4673,386,3,7,1,2,2,122
4674,579,3,6,1,2,1,121
4675,61,4,10,3,2,3,323
4676,350,3,13,1,2,3,123
4677,77,3,7,3,2,2,322
4678,14,3,12,4,2,3,423
4679,51,7,22,4,4,4,444
4680,126,4,9,3,2,2,322
4681,111,4,14,3,2,4,324
4682,228,3,6,2,2,1,221
4683,99,9,21,3,4,4,344
4684,405,4,10,1,2,3,123
4685,57,6,15,4,4,4,444
4686,49,6,13,4,4,3,443
4687,99,4,10,3,2,3,323
4688,90,5,16,3,3,4,334
4689,115,3,7,3,2,2,322
4690,376,4,9,1,2,2,122
4691,80,3,8,3,2,2,322
4692,65,4,15,3,2,4,324
4693,135,7,18,3,4,4,344
4694,43,8,20,4,4,4,444
4695,79,9,26,3,4,4,344
4696,135,3,7,3,2,2,322
4697,111,5,12,3,3,3,333
4698,67,3,8,3,2,2,322
4699,152,6,18,2,4,4,244
4700,187,6,16,2,4,4,244
4701,245,1,8,2,1,2,212
4702,53,2,7,4,1,2,412
4703,437,1,2,1,1,1,111
4704,132,4,11,3,2,3,323
4705,223,5,10,2,3,3,233
4706,38,3,6,4,2,1,421
4707,323,2,4,1,1,1,111
4708,90,5,14,3,3,4,334
4709,510,3,6,1,2,1,121
4710,236,4,9,2,2,2,222
4711,105,4,8,3,2,2,322
4712,382,5,10,1,3,3,133
4713,337,2,6,1,1,1,111
4714,123,2,4,3,1,1,311
4715,386,5,12,1,3,3,133
4716,305,2,4,1,1,1,111
4717,229,5,15,2,3,4,234
4718,118,3,13,3,2,3,323
4719,3,7,16,4,4,4,444
4720,312,6,13,1,4,3,143
4721,178,8,19,2,4,4,244
4722,15,5,10,4,3,3,433
4723,223,3,6,2,2,1,221
4724,119,2,4,3,1,1,311
4725,29,4,10,4,2,3,423
4726,176,4,8,2,2,2,222
4727,40,4,10,4,2,3,423
4728,116,4,10,3,2,3,323
4729,267,3,6,2,2,1,221
4730,400,2,4,1,1,1,111
4731,271,1,6,2,1,1,211
4732,393,1,2,1,1,1,111
4733,297,4,9,1,2,2,122
4734,39,3,11,4,2,3,423
4735,274,5,12,2,3,3,233
4736,163,4,11,2,2,3,223
4737,103,1,2,3,1,1,311
4738,138,3,6,3,2,1,321
4739,392,2,4,1,1,1,111
4740,90,4,10,3,2,3,323
4741,97,7,17,3,4,4,344
4742,46,4,15,4,2,4,424
4743,180,5,13,2,3,3,233
4744,64,5,15,3,3,4,334
4745,7,7,17,4,4,4,444
4746,22,6,14,4,4,4,444
4747,129,5,16,3,3,4,334
4748,16,5,12,4,3,3,433
4749,319,4,9,1,2,2,122
4750,101,4,11,3,2,3,323
4751,42,3,6,4,2,1,421
4752,227,3,8,2,2,2,222
4753,53,6,23,4,4,4,444
4755,4,1,3,4,1,1,411
4756,104,6,14,3,4,4,344
4757,198,3,13,2,2,3,223
4758,390,4,9,1,2,2,122
4759,314,2,12,1,1,3,113
4760,273,4,18,2,2,4,224
4761,114,4,12,3,2,3,323
4762,62,6,13,3,4,3,343
4763,64,3,8,3,2,2,322
4764,95,3,8,3,2,2,322
4765,179,3,8,2,2,2,222
4766,93,4,17,3,2,4,324
4768,293,1,4,1,1,1,111
4769,102,5,12,3,3,3,333
4770,595,3,7,1,2,2,122
4771,370,3,7,1,2,2,122
4772,377,4,10,1,2,3,123
4773,52,7,18,4,4,4,444
4774,168,2,4,2,1,1,211
4775,642,1,3,1,1,1,111
4776,67,4,17,3,2,4,324
4778,129,5,15,3,3,4,334
4779,52,7,16,4,4,4,444
4780,103,7,20,3,4,4,344
4781,39,3,6,4,2,1,421
4782,137,5,10,3,3,3,333
4783,70,7,21,3,4,4,344
4784,111,2,5,3,1,1,311
4785,109,5,12,3,3,3,333
4786,396,3,7,1,2,2,122
4787,141,6,12,3,4,3,343
4788,247,5,13,2,3,3,233
4789,111,5,11,3,3,3,333
4790,138,3,11,3,2,3,323
4791,672,2,4,1,1,1,111
4792,164,2,4,2,1,1,211
4793,37,5,10,4,3,3,433
4794,65,4,11,3,2,3,323
4795,154,1,2,2,1,1,211
4796,128,5,14,3,3,4,334
4797,180,5,11,2,3,3,233
4798,40,3,8,4,2,2,422
4799,253,7,19,2,4,4,244
4800,7,5,15,4,3,4,434
4801,149,2,5,2,1,1,211
4802,508,1,2,1,1,1,111
4803,366,3,6,1,2,1,121
4804,4,6,17,4,4,4,444
4805,79,2,4,3,1,1,311
4806,37,4,11,4,2,3,423
4807,196,6,13,2,4,3,243
4808,133,3,11,3,2,3,323
4809,94,6,12,3,4,3,343
4810,138,2,4,3,1,1,311
4811,59,3,7,3,2,2,322
4812,218,4,15,2,2,4,224
4813,149,3,7,2,2,2,222
4814,109,6,15,3,4,4,344
4815,706,1,2,1,1,1,111
4816,153,1,2,2,1,1,211
4817,11,5,12,4,3,3,433
4818,286,3,8,1,2,2,122
4819,91,5,12,3,3,3,333
4820,24,7,18,4,4,4,444
4821,33,4,14,4,2,4,424
4822,180,6,12,2,4,3,243
4823,471,4,8,1,2,2,122
4824,560,1,2,1,1,1,111
4825,46,6,14,4,4,4,444
4826,199,6,13,2,4,3,243
4827,34,4,14,4,2,4,424
4828,81,7,24,3,4,4,344
4829,58,1,5,4,1,1,411
4830,373,4,8,1,2,2,122
4831,48,7,28,4,4,4,444
4832,28,5,13,4,3,3,433
4833,296,3,7,1,2,2,122
4834,248,1,2,2,1,1,211
4835,22,6,14,4,4,4,444
4836,48,5,19,4,3,4,434
4837,29,4,10,4,2,3,423
4838,334,3,8,1,2,2,122
4839,12,4,8,4,2,2,422
4840,209,4,10,2,2,3,223
4841,14,4,11,4,2,3,423
4842,23,5,12,4,3,3,433
4843,232,3,11,2,2,3,223
4844,311,1,2,1,1,1,111
4845,80,3,8,3,2,2,322
4846,392,2,5,1,1,1,111
4847,331,4,9,1,2,2,122
4848,78,3,6,3,2,1,321
4849,228,3,7,2,2,2,222
4850,169,2,4,2,1,1,211
4851,11,5,14,4,3,4,434
4852,132,8,20,3,4,4,344
4853,88,5,12,3,3,3,333
4854,373,3,8,1,2,2,122
4855,244,4,10,2,2,3,223
4856,347,3,8,1,2,2,122
4857,156,2,4,2,1,1,211
4858,319,3,6,1,2,1,121
4859,113,4,8,3,2,2,322
4860,412,6,14,1,4,4,144
4861,109,3,6,3,2,1,321
4862,230,5,12,2,3,3,233
4863,1,2,4,4,1,1,411
4864,27,10,25,4,4,4,444
4865,409,2,5,1,1,1,111
4866,132,3,6,3,2,1,321
4867,63,5,11,3,3,3,333
4868,243,5,13,2,3,3,233
4869,272,3,10,2,2,3,223
4870,548,3,6,1,2,1,121
4871,46,3,7,4,2,2,422
4872,433,4,12,1,2,3,123
4873,119,3,8,3,2,2,322
4874,8,2,5,4,1,1,411
4875,66,8,29,3,4,4,344
4876,313,3,8,1,2,2,122
4877,55,6,21,4,4,4,444
4878,101,3,7,3,2,2,322
4879,80,4,9,3,2,2,322
4880,476,2,6,1,1,1,111
4881,156,3,8,2,2,2,222
4882,61,2,4,3,1,1,311
4883,125,5,10,3,3,3,333
4884,700,1,2,1,1,1,111
4885,76,1,2,3,1,1,311
4886,339,4,10,1,2,3,123
4887,414,3,6,1,2,1,121
4888,321,2,6,1,1,1,111
4889,331,1,3,1,1,1,111
4890,108,5,12,3,3,3,333
4891,86,5,13,3,3,3,333
4892,262,3,12,2,2,3,223
4893,305,4,8,1,2,2,122
4894,8,3,8,4,2,2,422
4895,115,4,11,3,2,3,323
4896,68,3,8,3,2,2,322
4897,401,4,8,1,2,2,122
4898,158,3,6,2,2,1,221
4899,293,4,10,1,2,3,123
4900,456,2,4,1,1,1,111
4901,320,3,8,1,2,2,122
4902,259,3,6,2,2,1,221
4903,23,2,8,4,1,2,412
4904,390,1,2,1,1,1,111
4905,36,1,2,4,1,1,411
4906,92,4,11,3,2,3,323
4907,254,2,5,2,1,1,211
4908,225,3,7,2,2,2,222
4909,66,2,6,3,1,1,311
4910,36,3,6,4,2,1,421
4911,358,3,10,1,2,3,123
4913,152,3,7,2,2,2,222
4914,32,4,10,4,2,3,423
4915,104,7,16,3,4,4,344
4916,305,5,13,1,3,3,133
4917,394,3,6,1,2,1,121
4918,338,1,5,1,1,1,111
4919,276,2,8,2,1,2,212
4920,313,2,4,1,1,1,111
4922,14,5,10,4,3,3,433
4923,99,5,13,3,3,3,333
4924,108,6,14,3,4,4,344
4925,378,4,11,1,2,3,123
4926,406,1,2,1,1,1,111
4927,73,2,5,3,1,1,311
4928,135,1,3,3,1,1,311
4929,157,4,14,2,2,4,224
4930,505,1,3,1,1,1,111
4931,241,5,14,2,3,4,234
4932,41,6,14,4,4,4,444
4933,307,9,21,1,4,4,144
4934,61,4,8,3,2,2,322
4935,273,3,8,2,2,2,222
4936,291,2,4,1,1,1,111
4937,186,7,16,2,4,4,244
4938,21,6,16,4,4,4,444
4939,78,5,17,3,3,4,334
4940,132,3,8,3,2,2,322
4941,320,9,26,1,4,4,144
4942,38,4,10,4,2,3,423
4943,156,3,6,2,2,1,221
4944,89,4,9,3,2,2,322
4945,151,1,2,2,1,1,211
4946,57,5,18,4,3,4,434
4947,43,5,14,4,3,4,434
4948,587,2,4,1,1,1,111
4949,135,1,2,3,1,1,311
4950,253,3,9,2,2,2,222
4951,37,6,13,4,4,3,443
4952,70,7,15,3,4,4,344
4953,82,4,16,3,2,4,324
4954,98,4,8,3,2,2,322
4955,386,3,6,1,2,1,121
4956,406,3,8,1,2,2,122
4957,516,3,6,1,2,1,121
4958,173,5,13,2,3,3,233
4959,184,5,12,2,3,3,233
4960,134,4,9,3,2,2,322
4961,424,1,2,1,1,1,111
4962,277,5,11,2,3,3,233
4963,367,4,8,1,2,2,122
4964,31,2,4,4,1,1,411
4965,81,2,4,3,1,1,311
4966,340,2,6,1,1,1,111
4967,99,5,12,3,3,3,333
4968,48,3,7,4,2,2,422
4969,219,5,13,2,3,3,233
4970,145,3,7,2,2,2,222
4971,228,3,6,2,2,1,221
4972,328,6,13,1,4,3,143
4973,582,1,3,1,1,1,111
4974,421,2,4,1,1,1,111
4975,59,5,13,3,3,3,333
4976,167,2,7,2,1,2,212
4977,133,2,9,3,1,2,312
4978,712,1,2,1,1,1,111
4979,251,3,7,2,2,2,222
4980,493,1,2,1,1,1,111
4981,355,2,10,1,1,3,113
4982,152,1,3,2,1,1,211
4983,383,3,6,1,2,1,121
4984,249,3,7,2,2,2,222
4985,5,4,8,4,2,2,422
4986,333,4,12,1,2,3,123
4987,358,3,7,1,2,2,122
4988,11,5,18,4,3,4,434
4989,195,3,10,2,2,3,223
4990,17,3,8,4,2,2,422
4991,374,5,10,1,3,3,133
4992,194,4,11,2,2,3,223
4993,325,5,10,1,3,3,133
4994,326,1,2,1,1,1,111
4995,577,2,4,1,1,1,111
4996,37,3,10,4,2,3,423
4997,4,2,6,4,1,1,411
4998,78,1,2,3,1,1,311
4999,5,6,16,4,4,4,444
5000,324,3,7,1,2,2,122
